﻿MP's name,Constituency,Office maximum budget available,Reason for budget set,Office spend,Remaining office budget,Staffing maximum budget available,Reason for budget set,Staffing spend,Remaining staffing budget,Start-up maximum budget available,Reason for budget set,Start-up spend,Remaining start-up budget,Wind-up maximum budget available,Reason for budget set,Wind-up spend,Remaining wind-up budget,Subtotal of office running costs,Accommodation maximum budget available,Reason for budget set,Accommodation spend,Remaining accommodation budget,Travel and subsistence maximum budget available,Travel and subsistence spend,Other costs maximum budget available,Other costs spend,Subtotal of other parliamentary costs,Overall total spend for this financial year,pID
Adam Afriyie,Windsor CC,,,604.2,,,,71345.27,,,,0,,,,0,,71949.47,,,0,,uncapped,0,uncapped,0,0,71949.47,1586
Adam Holloway,Gravesham CC,,,21898.22,,,,136415.55,,,,0,,,,0,,158313.77,,,0,,uncapped,7274.9,uncapped,0,7274.9,165588.67,1522
Adrian Bailey,West Bromwich West BC,,,16319.64,,,,102970.73,,,,0,,,,0,,119290.37,,,16015.12,,uncapped,2931.9,uncapped,0,18947.02,138237.39,320
Adrian Sanders,Torbay BC,,,15886.17,,,,122319.11,,,,0,,,,0,,138205.28,,,17955.14,,uncapped,8833.94,uncapped,0,26789.08,164994.36,237
Aidan Burley,Cannock Chase CC,,,23754.08,,,,136460.88,,,,0,,,,0,,160214.96,,,24137.25,,uncapped,7874.9,uncapped,474.28,32486.43,192701.39,3937
Alan Beith,Berwick-upon-Tweed CC,,,21926.52,,,,134799.07,,,,0,,,,0,,156725.59,,,11531.87,,uncapped,12762.49,uncapped,0,24294.36,181019.95,513
Alan Campbell,Tynemouth BC,,,22129.71,,,,78130.44,,,,0,,,,0,,100260.15,,,5014.59,,uncapped,12944.15,uncapped,0,17958.74,118218.89,529
Alan Duncan,Rutland and Melton CC,,,20042.76,,,,113188.44,,,,0,,,,0,,133231.2,,,8216.4,,uncapped,4251.95,uncapped,0,12468.35,145699.55,343
Alan Haselhurst,Saffron Walden CC,,,18571.16,,,,81161.9,,,,0,,,,0,,99733.06,,,13575.27,,uncapped,3454.85,uncapped,0,17030.12,116763.18,43
Alan Johnson,Kingston upon Hull West and Hessle BC,,,14205.67,,,,0,,,,0,,,,0,,14205.67,,,17264.45,,uncapped,7865.78,uncapped,0,25130.23,39335.9,376
Alan Meale,Mansfield CC,,,22652.53,,,,122989.91,,,,0,,,,0,,145642.44,,,7296.44,,uncapped,10400.94,uncapped,0,17697.38,163339.82,361
Alan Reid,Argyll and Bute CC,,,24047.62,,,,110391.41,,,,0,,,,0,,134439.03,,,13299.4,,uncapped,24985.93,uncapped,0,38285.33,172724.36,1385
Alan Whitehead,"Southampton, Test BC",,,21285.8,,,,119680.09,,,,0,,,,0,,140965.89,,,13221.34,,uncapped,3944.1,uncapped,0,17165.44,158131.33,62
Alasdair McDonnell,Belfast South,,,17292.38,,,,136463.72,,,,0,,,,0,,153756.1,,,3300,,uncapped,16129.8,uncapped,0,19429.8,173185.9,1596
Albert Owen,Ynys Môn CC,,,14438.8,,,,121451.84,,,,0,,,,0,,135890.64,,,20000,,uncapped,5663.08,uncapped,0,25663.08,161553.72,1474
Alec Shelbrooke,Elmet and Rothwell CC,,,15847.01,,,,121970.87,,,,0,,,,0,,137817.88,,,20287.45,,uncapped,9521.7,uncapped,450,30259.15,168077.03,3997
Alex Cunningham,Stockton North BC,,,14520.91,,,,122295.11,,,,0,,,,0,,136816.02,,,18215.51,,uncapped,8687.64,uncapped,0,26903.15,163719.17,4122
Alison McGovern,Wirral South CC,,,21194.7,,,,136093.85,,,,0,,,,0,,157288.55,,,25350.82,,uncapped,12400.95,uncapped,0,37751.77,195040.32,4083
Alison Seabeck,"Plymouth, Moor View BC",,,9966.66,,,,114435.32,,,,0,,,,0,,124401.98,,,9492.96,,uncapped,12702.97,uncapped,959,23154.93,147556.91,1552
Alistair Burt,North East Bedfordshire CC,,,12232.91,,,,123754.47,,,,0,,,,0,,135987.38,,,19993.57,,uncapped,3764,uncapped,0,23757.57,159744.95,1201
Alistair Carmichael,Orkney and Shetland CC,,,22859.35,,,,116687.01,,,,0,,,,0,,139546.36,,,12396,,uncapped,52977.07,uncapped,0,65373.07,204919.43,1442
Alistair Darling,Edinburgh South West BC,,,16142.7,,,,109994.09,,,,0,,,,0,,126136.79,,,19896,,uncapped,12368.48,uncapped,0,32264.48,158401.27,596
Alok Sharma,Reading West CC,,,19607.83,,,,112716.09,,,,0,,,,0,,132323.92,,,0,,uncapped,6895.35,uncapped,0,6895.35,139219.27,4014
Alun Cairns,Vale of Glamorgan CC,,,19839.52,,,,127727.19,,,,0,,,,0,,147566.71,,,19452.1,,uncapped,12073.13,uncapped,0,31525.23,179091.94,4086
Alun Michael,Cardiff South and Penarth BC,,,17465.25,,,,61843.18,,,,0,,,,49299.34,,128607.77,,,13683.95,,uncapped,4781.26,uncapped,75,18540.21,147147.98,562
Amber Rudd,Hastings and Rye CC,,,15280.04,,,,129497.4,,,,0,,,,0,,144777.44,,,10298.21,,uncapped,2686.27,uncapped,0,12984.48,157761.92,3983
Anas Sarwar,Glasgow Central BC,,,20526.99,,,,125148.04,,,,0,,,,0,,145675.03,,,26851.48,,uncapped,16216.77,uncapped,0,43068.25,188743.28,3981
Andrea Leadsom,South Northamptonshire CC,,,12545.04,,,,129704.72,,,,0,,,,0,,142249.76,,,0,,uncapped,3226.83,uncapped,0,3226.83,145476.59,4117
Andrew Bingham,High Peak CC,,,14420.38,,,,105539.69,,,,0,,,,0,,119960.07,,,21199.3,,uncapped,5570.5,uncapped,0,26769.8,146729.87,3994
Andrew Bridgen,North West Leicestershire CC,,,15819.76,,,,97724.17,,,,0,,,,0,,113543.93,,,12557.66,,uncapped,7678,uncapped,0,20235.66,133779.59,4133
Andrew George,St Ives CC,,,22197.81,,,,126677.23,,,,0,,,,0,,148875.04,,,15389.92,,uncapped,14083.28,uncapped,315,29788.2,178663.24,227
Andrew Griffiths,Burton CC,,,20336.79,,,,88806.22,,,,0,,,,0,,109143.01,,,15424,,uncapped,5469.26,uncapped,0,20893.26,130036.27,3936
Andrew Gwynne,Denton and Reddish BC,,,15314.81,,,,116452.79,,,,0,,,,0,,131767.6,,,18291.47,,uncapped,6150.02,uncapped,0,24441.49,156209.09,1506
Andrew Jones,Harrogate and Knaresborough CC,,,20740.1,,,,110951.98,,,,0,,,,0,,131692.08,,,1780.5,,uncapped,10385.04,uncapped,0,12165.54,143857.62,3996
Andrew Lansley,South Cambridgeshire CC,,,18568.48,,,,108819.26,,,,0,,,,0,,127387.74,,,4978.33,,uncapped,4836.94,uncapped,0,9815.27,137203.01,123
Andrew Miller,Ellesmere Port and Neston CC,,,17265.59,,,,111755.46,,,,0,,,,0,,129021.05,,,8325.9,,uncapped,8955.22,uncapped,0,17281.12,146302.17,428
Andrew Mitchell,Sutton Coldfield BC,,,18528.36,,,,112051.36,,,,0,,,,0,,130579.72,,,7348.8,,uncapped,5790.96,uncapped,0,13139.76,143719.48,1211
Andrew Murrison,South West Wiltshire CC,,,18329.27,,,,61520.95,,,,0,,,,0,,79850.22,,,6398.83,,uncapped,2550.35,uncapped,0,8949.18,88799.4,1466
Andrew Percy,Brigg and Goole CC,,,15363.57,,,,118700.62,,,,0,,,,0,,134064.19,,,9536.06,,uncapped,6049.18,uncapped,0,15585.24,149649.43,3939
Andrew Robathan,South Leicestershire CC,,,1906.19,,,,78994.2,,,,0,,,,0,,80900.39,,,6543.57,,uncapped,4372.6,uncapped,0,10916.17,91816.56,334
Andrew Rosindell,Romford BC,,,25406.79,,,,144497.1,,,,0,,,,0,,169903.89,,,0,,uncapped,2050.13,uncapped,0,2050.13,171954.02,1447
Andrew Selous,South West Bedfordshire CC,,,14412.76,,,,124342.22,,,,0,,,,0,,138754.98,,,0,,uncapped,776.5,uncapped,0,776.5,139531.48,1453
Andrew Smith,Oxford East BC,,,21929.05,,,,136003.7,,,,0,,,,0,,157932.75,,,2405.67,,uncapped,2782.05,uncapped,0,5187.72,163120.47,95
Andrew Stephenson,Pendle BC,,,18196.38,,,,130724.17,,,,0,,,,0,,148920.55,,,6123.08,,uncapped,6194.95,uncapped,0,12318.03,161238.58,4044
Andrew Stunell,Hazel Grove CC,,,24099.09,,,,128571.78,,,,0,,,,0,,152670.87,,,1902.84,,uncapped,7758.82,uncapped,0,9661.66,162332.53,445
Andrew Turner,Isle of Wight CC,,,15959.87,,,,121356.87,,,,0,,,,0,,137316.74,,,20194,,uncapped,6053.82,uncapped,0,26247.82,163564.56,1426
Andrew Tyrie,Chichester CC,,,8155.71,,,,124992.44,,,,0,,,,0,,133148.15,,,15380.43,,uncapped,2013.6,uncapped,0,17394.03,150542.18,112
Andy Burnham,Leigh CC,,,20996.58,,,,134288.09,,,,0,,,,0,,155284.67,,,16114.46,,uncapped,6163.27,uncapped,0,22277.73,177562.4,1427
Andy Love,Edmonton BC,,,22677.35,,,,131914.65,,,,0,,,,0,,154592,,,0,,uncapped,1762.44,uncapped,0,1762.44,156354.44,164
Andy McDonald,Middlesbrough BC,,,4455.48,,,,23631.22,,,,543.29,,,,0,,28629.99,,,13996.92,,uncapped,4064.25,uncapped,0,18061.17,46691.16,4269
Andy Sawford,Corby CC,,,9210.33,,,,28035.68,,,,3000,,,,0,,40246.01,,,9767.95,,uncapped,2823.65,uncapped,0,12591.6,52837.61,4265
Andy Slaughter,Hammersmith BC,,,24562.36,,,,141377.49,,,,0,,,,0,,165939.85,,,0,,uncapped,2121,uncapped,0,2121,168060.85,1516
Angela Eagle,Wallasey BC,,,15797.54,,,,130226.86,,,,0,,,,0,,146024.4,,,5319.57,,uncapped,5249.4,uncapped,0,10568.97,156593.37,491
Angela Smith,Penistone and Stocksbridge CC,,,17466.89,,,,108477.72,,,,0,,,,0,,125944.61,,,21195.45,,uncapped,8719.25,uncapped,0,29914.7,155859.31,1564
Angela Watkinson,Hornchurch and Upminster BC,,,21324.47,,,,131346.35,,,,0,,,,0,,152670.82,,,0,,uncapped,550.5,uncapped,0,550.5,153221.32,1462
Angie Bray,Ealing Central and Acton BC,,,10702.96,,,,123454.53,,,,0,,,,0,,134157.49,,,0,,uncapped,0,uncapped,0,0,134157.49,3979
Angus MacNeil,Na h-Eileanan an Iar CC,,,13022.69,,,,106377.7,,,,0,,,,0,,119400.39,,,18622.55,,uncapped,42126.43,uncapped,0,60748.98,180149.37,1546
Angus Robertson,Moray CC,,,20499.89,,,,113335.55,,,,0,,,,0,,133835.44,,,18071.99,,uncapped,22037.52,uncapped,0,40109.51,173944.95,1433
Ann Clwyd,Cynon Valley CC,,,18090.08,,,,106450.9,,,,0,,,,0,,124540.98,,,7101.77,,uncapped,4445,uncapped,0,11546.77,136087.75,553
Ann Coffey,Stockport BC,,,19055.87,,,,109040.24,,,,0,,,,0,,128096.11,,,9489.95,,uncapped,7537.05,uncapped,0,17027,145123.11,458
Ann McKechin,Glasgow North BC,,,25374.84,,,,138473.6,,,,0,,,,0,,163848.44,,,3091.93,,uncapped,16712.43,uncapped,3562,23366.36,187214.8,1419
Anna Soubry,Broxtowe CC,,,25134.7,,,,104039.38,,,,0,,,,0,,129174.08,,,20019.96,,uncapped,4827.65,uncapped,507.2,25354.81,154528.89,3938
Anne Begg,Aberdeen South BC,,,24721.71,,,,137880.42,,,,0,,,,0,,162602.13,,,20000,,uncapped,13760.29,uncapped,0,33760.29,196362.42,572
Anne Main,St Albans CC,,,14279.8,,,,109853.34,,,,0,,,,0,,124133.14,,,0,,uncapped,0,uncapped,0,0,124133.14,1568
Anne McGuire,Stirling CC,,,18877.37,,,,136283.1,,,,0,,,,0,,155160.47,,,18315.06,,uncapped,15275.79,uncapped,0,33590.85,188751.32,636
Anne McIntosh,Thirsk and Malton CC,,,10408.28,,,,114775.74,,,,0,,,,0,,125184.02,,,11022.91,,uncapped,13485,uncapped,0,24507.91,149691.93,384
Anne Milton,Guildford CC,,,15543.94,,,,109378.8,,,,0,,,,0,,124922.74,,,0,,uncapped,3055.93,uncapped,0,3055.93,127978.67,1523
Anne Morris,Newton Abbot CC,,,22269.89,,,,126819,,,,0,,,,0,,149088.89,,,19500.24,,uncapped,9429.77,uncapped,368.28,29298.29,178387.18,4249
Annette Brooke,Mid Dorset and North Poole CC,,,13444.37,,,,105831.33,,,,0,,,,0,,119275.7,,,12113.44,,uncapped,2253.94,uncapped,0,14367.38,133643.08,1431
Austin Mitchell,Great Grimsby BC,,,19744.7,,,,131869.65,,,,0,,,,0,,151614.35,,,8633.04,,uncapped,6993.58,uncapped,5738,21364.62,172978.97,372
Barbara Keeley,Worsley and Eccles South CC,,,25948.12,,,,101089.09,,,,0,,,,0,,127037.21,,,0,,uncapped,5675.44,uncapped,0,5675.44,132712.65,1588
Barry Gardiner,Brent North BC,,,21710.42,,,,150101.78,,,,0,,,,0,,171812.2,,,0,,uncapped,2896.55,uncapped,0,2896.55,174708.75,146
Barry Sheerman,Huddersfield BC,,,21816.47,,,,119089.93,,,,0,,,,0,,140906.4,,,9739.08,,uncapped,6677.09,uncapped,0,16416.17,157322.57,411
Ben Bradshaw,Exeter BC,,,21608.7,,,,79946.94,,,,0,,,,0,,101555.64,,,9130.42,,uncapped,4701.2,uncapped,0,13831.62,115387.26,230
Ben Gummer,Ipswich BC,,,23339.14,,,,121618.11,,,,0,,,,0,,144957.25,,,14894.4,,uncapped,8703.91,uncapped,0,23598.31,168555.56,3988
Ben Wallace,Wyre and Preston North CC,,,15999.93,,,,117082.19,,,,0,,,,0,,133082.12,,,24244.81,,uncapped,18287.19,uncapped,0,42532,175614.12,1539
Bernard Jenkin,Harwich and North Essex CC,,,7941.85,,,,111745.32,,,,0,,,,0,,119687.17,,,1200,,uncapped,1269.27,uncapped,0,2469.27,122156.44,40
Bill Cash,Stone CC,,,17062.66,,,,121842.56,,,,0,,,,0,,138905.22,,,22316.69,,uncapped,9309.77,uncapped,0,31626.46,170531.68,288
Bill Esterson,Sefton Central CC,,,19319.97,,,,144315.64,,,,0,,,,0,,163635.61,,,20802.75,,uncapped,8081.63,uncapped,0,28884.38,192519.99,4061
Bill Wiggin,North Herefordshire CC,,,13601.39,,,,111398.89,,,,0,,,,0,,125000.28,,,2176.12,,uncapped,5491.25,uncapped,0,7667.37,132667.65,1428
Bob Ainsworth,Coventry North East BC,,,9896.44,,,,106134.71,,,,0,,,,0,,116031.15,,,18742.5,,uncapped,3236.8,uncapped,0,21979.3,138010.45,306
Bob Blackman,Harrow East BC,,,27417.23,,,,145164.47,,,,0,,,,0,,172581.7,,,0,,uncapped,4482.72,uncapped,0,4482.72,177064.42,4005
Bob Neill,Bromley and Chislehurst BC,,,24499.22,,,,129313.86,,,,0,,,,0,,153813.08,,,0,,uncapped,1581.3,uncapped,0,1581.3,155394.38,1601
Bob Russell,Colchester BC,,,22779.06,,,,135373.92,,,,0,,,,0,,158152.98,,,0,,uncapped,3852.62,uncapped,0,3852.62,162005.6,35
Bob Stewart,Beckenham BC,,,14629.54,,,,115839.21,,,,0,,,,0,,130468.75,,,0,,uncapped,272.58,uncapped,0,272.58,130741.33,3919
Brandon Lewis,Great Yarmouth CC,,,19008.53,,,,129362.8,,,,0,,,,0,,148371.33,,,8532.39,,uncapped,7415.04,uncapped,647.23,16594.66,164965.99,4009
Brian Binley,Northampton South BC,,,10260.01,,,,108817.39,,,,0,,,,0,,119077.4,,,17793.28,,uncapped,1935.85,uncapped,0,19729.13,138806.53,1550
Brian Donohoe,Central Ayrshire CC,,,19883.92,,,,120913.76,,,,0,,,,0,,140797.68,,,8002.95,,uncapped,22930.49,uncapped,0,30933.44,171731.12,586
Bridget Phillipson,Houghton and Sunderland South BC,,,19617.34,,,,124309.02,,,,0,,,,0,,143926.36,,,22699.75,,uncapped,7447.24,uncapped,0,30146.99,174073.35,4046
Brooks Newmark,Braintree CC,,,17176.11,,,,105214.93,,,,0,,,,0,,122391.04,,,3620,,uncapped,919.5,uncapped,0,4539.5,126930.54,1488
Caroline Dinenage,Gosport BC,,,13471.53,,,,104070.31,,,,0,,,,0,,117541.84,,,18832.01,,uncapped,5083.75,uncapped,0,23915.76,141457.6,4008
Caroline Flint,Don Valley CC,,,22127.79,,,,115785.19,,,,0,,,,0,,137912.98,,,2288.64,,uncapped,5304.4,uncapped,0,7593.04,145506.02,389
Caroline Lucas,"Brighton, Pavilion BC",,,18508.52,,,,116500.33,,,,0,,,,0,,135008.85,,,4277.8,,uncapped,5391.6,uncapped,0,9669.4,144678.25,3930
Caroline Nokes,Romsey and Southampton North CC,,,9252.82,,,,85479.58,,,,0,,,,0,,94732.4,,,16910.9,,uncapped,7620,uncapped,0,24530.9,119263.3,4048
Caroline Spelman,Meriden CC,,,11603.57,,,,78172.55,,,,0,,,,0,,89776.12,,,0,,uncapped,5005.53,uncapped,105.24,5110.77,94886.89,312
Catherine McKinnell,Newcastle upon Tyne North BC,,,19093.1,,,,122036.74,,,,0,,,,0,,141129.84,,,22663.26,,uncapped,9268.92,uncapped,0,31932.18,173062.02,4125
Cathy Jamieson,Kilmarnock and Loudoun CC,,,21358.52,,,,134482.55,,,,0,,,,0,,155841.07,,,21450.33,,uncapped,11290.78,uncapped,0,32741.11,188582.18,4011
Charles Hendry,Wealden CC,,,4692.09,,,,91564.64,,,,0,,,,0,,96256.73,,,12856.8,,uncapped,1754.8,uncapped,0,14611.6,110868.33,1220
Charles Kennedy,"Ross, Skye and Lochaber CC",,,23788.7,,,,135850.32,,,,0,,,,0,,159639.02,,,19631.19,,uncapped,26541.45,uncapped,0,46172.64,205811.66,634
Charles Walker,Broxbourne BC,,,10970.53,,,,117342.79,,,,0,,,,0,,128313.32,,,0,,uncapped,918.55,uncapped,0,918.55,129231.87,1493
Charlie Elphicke,Dover CC,,,18449.58,,,,125977.71,,,,0,,,,0,,144427.29,,,0,,uncapped,2486.6,uncapped,0,2486.6,146913.89,3971
Charlotte Leslie,Bristol North West BC,,,22270.24,,,,137876.27,,,,0,,,,0,,160146.51,,,20015.33,,uncapped,2979.05,uncapped,0,22994.38,183140.89,3933
Cheryl Gillan,Chesham and Amersham CC,,,21337.22,,,,133185.48,,,,0,,,,0,,154522.7,,,5078.96,,uncapped,3217.15,uncapped,0,8296.11,162818.81,18
Chinyelu Onwurah,Newcastle upon Tyne Central BC,,,18195.59,,,,123872.9,,,,0,,,,0,,142068.49,,,11360.69,,uncapped,16334.39,uncapped,0,27695.08,169763.57,4124
Chloe Smith,Norwich North BC,,,20826.02,,,,119713.68,,,,0,,,,0,,140539.7,,,11611.98,,uncapped,4592.7,uncapped,0,16204.68,156744.38,1609
Chris Bryant,Rhondda CC,,,13667.73,,,,119455.77,,,,0,,,,0,,133123.5,,,19914.88,,uncapped,10643.3,uncapped,0,30558.18,163681.68,1446
Chris Evans,Islwyn CC,,,20459.76,,,,124211.02,,,,0,,,,0,,144670.78,,,19903.72,,uncapped,6739.3,uncapped,0,26643.02,171313.8,4040
Chris Grayling,Epsom and Ewell BC,,,17496.07,,,,126827.55,,,,0,,,,0,,144323.62,,,0,,uncapped,793.95,uncapped,0,793.95,145117.57,1413
Chris Heaton-Harris,Daventry CC,,,8379.94,,,,102032.19,,,,0,,,,0,,110412.13,,,24018.44,,uncapped,3038.6,uncapped,0,27057.04,137469.17,3977
Chris Huhne,Eastleigh BC,,,22236.18,,,,111218.44,,,,0,,,,30902.65,,164357.27,,,0,,uncapped,2287.17,uncapped,0,2287.17,166644.44,1517
Chris Kelly,Dudley South BC,,,8755.07,,,,91289.17,,,,0,,,,0,,100044.24,,,21250.29,,uncapped,5603.7,uncapped,0,26853.99,126898.23,3975
Chris Pincher,Tamworth CC,,,16448.28,,,,129756.3,,,,0,,,,0,,146204.58,,,21005.46,,uncapped,6033,uncapped,0,27038.46,173243.04,4075
Chris Ruane,Vale of Clwyd CC,,,21512.24,,,,137438.94,,,,0,,,,0,,158951.18,,,24581.8,,uncapped,6503.3,uncapped,0,31085.1,190036.28,534
Chris Skidmore,Kingswood BC,,,17184.35,,,,132703.8,,,,0,,,,0,,149888.15,,,17420.14,,uncapped,625.4,uncapped,0,18045.54,167933.69,4021
Chris White,Warwick and Leamington BC,,,15341.09,,,,116504.78,,,,0,,,,0,,131845.87,,,19474.26,,uncapped,3437.6,uncapped,0,22911.86,154757.73,4114
Chris Williamson,Derby North BC,,,22322.64,,,,129553.54,,,,0,,,,0,,151876.18,,,22345.14,,uncapped,13115.91,uncapped,0,35461.05,187337.23,3976
Christopher Chope,Christchurch CC,,,16315.65,,,,77514.09,,,,0,,,,0,,93829.74,,,2521.74,,uncapped,6641.15,uncapped,0,9162.89,102992.63,242
Christopher Leslie,Nottingham East BC,,,18846.1,,,,125999.9,,,,0,,,,0,,144846,,,9925.74,,uncapped,5402.23,uncapped,0,15327.97,160173.97,422
Chuka Umunna,Streatham BC,,,23735.33,,,,155434.64,,,,0,,,,0,,179169.97,,,0,,uncapped,666.8,uncapped,105,771.8,179941.77,4128
Claire Perry,Devizes CC,,,19873.05,,,,126946.75,,,,0,,,,0,,146819.8,,,0,,uncapped,2857.02,uncapped,0,2857.02,149676.82,3974
Clive Betts,Sheffield South East BC,,,20427.53,,,,128394.28,,,,0,,,,0,,148821.81,,,19988.29,,uncapped,10314,uncapped,49,30351.29,179173.1,394
Clive Efford,Eltham BC,,,24724.12,,,,137527.56,,,,0,,,,0,,162251.68,,,0,,uncapped,1008.7,uncapped,705.85,1714.55,163966.23,165
Conor Burns,Bournemouth West BC,,,7431.19,,,,116122.3,,,,0,,,,0,,123553.49,,,18633.85,,uncapped,4445.2,uncapped,0,23079.05,146632.54,3922
Conor Murphy,Newry and Armagh,,,10679.53,,,,122495.16,,,,0,,,,0,,133174.69,,,0,,uncapped,2309.09,uncapped,0,2309.09,135483.78,1595
Craig Whittaker,Calder Valley CC,,,13674.1,,,,129978.71,,,,0,,,,0,,143652.81,,,19275.34,,uncapped,8181.81,uncapped,0,27457.15,171109.96,3940
Crispin Blunt,Reigate BC,,,22096.18,,,,74854.43,,,,0,,,,0,,96950.61,,,0,,uncapped,2773.25,uncapped,0,2773.25,99723.86,104
Dai Havard,Merthyr Tydfil and Rhymney CC,,,21313.86,,,,120883.87,,,,0,,,,0,,142197.73,,,19971.06,,uncapped,5458.77,uncapped,0,25429.83,167627.56,1430
Damian Collins,Folkestone and Hythe CC,,,12726.07,,,,118493.77,,,,0,,,,0,,131219.84,,,23850,,uncapped,5209.04,uncapped,0,29059.04,160278.88,3986
Damian Green,Ashford CC,,,11405.96,,,,103211.36,,,,0,,,,0,,114617.32,,,0,,uncapped,692.3,uncapped,0,692.3,115309.62,76
Damian Hinds,East Hampshire CC,,,3842.08,,,,79228.68,,,,0,,,,0,,83070.76,,,6268.51,,uncapped,3139.8,uncapped,0,9408.31,92479.07,3969
Dan Jarvis,Barnsley Central BC,,,19941.72,,,,135956.56,,,,0,,,,0,,155898.28,,,23437.09,,uncapped,9260.42,uncapped,0,32697.51,188595.79,4243
Dan Rogerson,North Cornwall CC,,,13852.43,,,,106146.57,,,,0,,,,0,,119999,,,13638,,uncapped,9510.76,uncapped,0,23148.76,143147.76,1504
Daniel Byles,North Warwickshire CC,,,13586.52,,,,114164.97,,,,0,,,,0,,127751.49,,,24243.29,,uncapped,10496.56,uncapped,0,34739.85,162491.34,4112
Daniel Kawczynski,Shrewsbury and Atcham CC,,,19912.83,,,,131593.79,,,,0,,,,0,,151506.62,,,29033.16,,uncapped,12791.69,uncapped,0,41824.85,193331.47,1566
Daniel Poulter,Central Suffolk and North Ipswich CC,,,14866.46,,,,127173.63,,,,0,,,,0,,142040.09,,,21352.5,,uncapped,11033.01,uncapped,0,32385.51,174425.6,3932
Danny Alexander,"Inverness, Nairn, Badenoch and Strathspey CC",,,21766.49,,,,133856.58,,,,0,,,,0,,155623.07,,,0,,uncapped,25156.26,uncapped,0,25156.26,180779.33,1535
Dave Watts,St Helens North BC,,,16102.46,,,,106061.64,,,,0,,,,0,,122164.1,,,3042.28,,uncapped,6097.6,uncapped,0,9139.88,131303.98,489
David Amess,Southend West BC,,,18398.91,,,,97767.62,,,,0,,,,0,,116166.53,,,19956.53,,uncapped,5105.83,uncapped,0,25062.36,141228.89,44
David Anderson,Blaydon BC,,,15433.91,,,,133760.82,,,,0,,,,0,,149194.73,,,17345.23,,uncapped,11259.47,uncapped,0,28604.7,177799.43,1486
David Blunkett,"Sheffield, Brightside and Hillsborough BC",,,22200,,,,128068.18,,,,0,,,,0,,150268.18,,,13374.9,,uncapped,868.95,uncapped,0,14243.85,164512.03,395
David Burrowes,"Enfield, Southgate BC",,,13917.4,,,,127469.52,,,,0,,,,0,,141386.92,,,0,,uncapped,0,uncapped,0,0,141386.92,1518
David Cameron,Witney CC,,,2005.5,,,,119701.01,,,,0,,,,0,,121706.51,,,0,,uncapped,282.25,uncapped,0,282.25,121988.76,1467
David Crausby,Bolton North East BC,,,15782.73,,,,104467.56,,,,0,,,,0,,120250.29,,,19973.17,,uncapped,8998.77,uncapped,0,28971.94,149222.23,437
David Davies,Monmouth CC,,,19256.66,,,,97156.38,,,,0,,,,0,,116413.04,,,16661.17,,uncapped,9217.42,uncapped,0,25878.59,142291.63,1545
David Davis,Haltemprice and Howden CC,,,19311.55,,,,121656,,,,0,,,,0,,140967.55,,,18890.51,,uncapped,5704.69,uncapped,0,24595.2,165562.75,373
David Evennett,Bexleyheath and Crayford BC,,,8801.6,,,,119723,,,,0,,,,0,,128524.6,,,0,,uncapped,727.3,uncapped,0,727.3,129251.9,1198
David Gauke,South West Hertfordshire CC,,,8205.91,,,,108456.4,,,,0,,,,0,,116662.31,,,3253.66,,uncapped,344.7,uncapped,0,3598.36,120260.67,1529
David Hamilton,Midlothian CC,,,18199.91,,,,82773.7,,,,0,,,,0,,100973.61,,,21515.76,,uncapped,15427.7,uncapped,0,36943.46,137917.07,1432
David Hanson,Delyn CC,,,14416.84,,,,113696.1,,,,0,,,,0,,128112.94,,,22399.86,,uncapped,9943.14,uncapped,0,32343,160455.94,533
David Heath,Somerton and Frome CC,,,18461.78,,,,106657.13,,,,0,,,,0,,125118.91,,,19043.91,,uncapped,6349.9,uncapped,0,25393.81,150512.72,255
David Heyes,Ashton-under-Lyne BC,,,14246.94,,,,114782.06,,,,0,,,,0,,129029,,,19775.53,,uncapped,4888.35,uncapped,0,24663.88,153692.88,1386
David Jones,Clwyd West CC,,,12139.67,,,,123231.88,,,,0,,,,0,,135371.55,,,19483.04,,uncapped,5133.99,uncapped,0,24617.03,159988.58,1502
David Lammy,Tottenham BC,,,22642.39,,,,141363.37,,,,0,,,,0,,164005.76,,,0,,uncapped,2271.62,uncapped,0,2271.62,166277.38,206
David Laws,Yeovil CC,,,20544.01,,,,126919.8,,,,0,,,,0,,147463.81,,,0,,uncapped,5155.6,uncapped,0,5155.6,152619.41,1473
David Lidington,Aylesbury CC,,,9192.68,,,,106202.09,,,,0,,,,0,,115394.77,,,10273,,uncapped,1225,uncapped,0,11498,126892.77,15
David Miliband,South Shields BC,,,14344.27,,,,142240.13,,,,0,,,,0,,156584.4,,,4321.18,,uncapped,5144.47,uncapped,0,9465.65,166050.05,1452
David Morris,Morecambe and Lunesdale CC,,,31836.36,,,,114220.38,,,,0,,,,0,,146056.74,,,23919.5,,uncapped,26284.14,uncapped,0,50203.64,196260.38,4135
David Mowat,Warrington South BC,,,15852.21,,,,110896.44,,,,0,,,,0,,126748.65,,,300,,uncapped,11620.35,uncapped,0,11920.35,138669,4080
David Mundell,"Dumfriesshire, Clydesdale and Tweeddale CC",,,21808.53,,,,117705.92,,,,0,,,,0,,139514.45,,,19466.98,,uncapped,20048.71,uncapped,0,39515.69,179030.14,1512
David Nuttall,Bury North BC,,,12116.56,,,,62481.86,,,,0,,,,0,,74598.42,,,19698.2,,uncapped,3813.55,uncapped,0,23511.75,98110.17,4140
David Ruffley,Bury St Edmunds CC,,,15271.72,,,,125958.5,,,,0,,,,0,,141230.22,,,9347.26,,uncapped,5107.95,uncapped,0,14455.21,155685.43,133
David Rutley,Macclesfield CC,,,10809.44,,,,114225.51,,,,0,,,,0,,125034.95,,,21100.35,,uncapped,8609.83,uncapped,0,29710.18,154745.13,4033
David Simpson,Upper Bann,,,22120.93,,,,99723.3,,,,0,,,,0,,121844.23,,,19730.96,,uncapped,21142.29,uncapped,0,40873.25,162717.48,1597
David Tredinnick,Bosworth CC,,,15786.73,,,,131186.12,,,,0,,,,0,,146972.85,,,19980.17,,uncapped,3115.3,uncapped,0,23095.47,170068.32,335
David Ward,Bradford East BC,,,22607.08,,,,135284.07,,,,0,,,,0,,157891.15,,,6648.25,,uncapped,10329.7,uncapped,0,16977.95,174869.1,3923
David Willetts,Havant BC,,,25561.42,,,,108979.12,,,,0,,,,0,,134540.54,,,8845.86,,uncapped,1935.35,uncapped,0,10781.21,145321.75,53
David Winnick,Walsall North BC,,,9365.59,,,,56641.94,,,,0,,,,0,,66007.53,,,9027.54,,uncapped,1400.8,uncapped,0,10428.34,76435.87,316
David Wright,Telford BC,,,12178.44,,,,92192.17,,,,0,,,,0,,104370.61,,,16524.41,,uncapped,6662.2,uncapped,0,23186.61,127557.22,1461
Dawn Primarolo,Bristol South BC,,,17393.67,,,,125732.78,,,,0,,,,0,,143126.45,,,20000,,uncapped,3484.9,uncapped,0,23484.9,166611.35,217
Debbie Abrahams,Oldham East and Saddleworth CC,,,21254.36,,,,130064.13,,,,0,,,,0,,151318.49,,,23184.03,,uncapped,7044.66,uncapped,0,30228.69,181547.18,4212
Denis MacShane,Rotherham BC,,,5651.2,,,,49431.74,,,,0,,,,28912.49,,83995.43,,,10546.97,,uncapped,5903.1,uncapped,181.57,16631.64,100627.07,393
Dennis Skinner,Bolsover CC,,,235.49,,,,54741.85,,,,0,,,,0,,54977.34,,,6950.41,,uncapped,5302.75,uncapped,0,12253.16,67230.5,325
Derek Twigg,Halton CC,,,14140.27,,,,77342.81,,,,0,,,,0,,91483.08,,,19555.69,,uncapped,7272.85,uncapped,0,26828.54,118311.62,429
Desmond Swayne,New Forest West CC,,,2425.29,,,,80716.74,,,,0,,,,0,,83142.03,,,3095.3,,uncapped,2267.4,uncapped,0,5362.7,88504.73,55
Diana Johnson,Kingston upon Hull North BC,,,22093.52,,,,130793.22,,,,0,,,,0,,152886.74,,,4701.23,,uncapped,8884.44,uncapped,0,13585.67,166472.41,1533
Diane Abbott,Hackney North and Stoke Newington BC,,,22891.27,,,,139584.7,,,,0,,,,0,,162475.97,,,0,,uncapped,867.85,uncapped,0,867.85,163343.82,172
Dominic Grieve,Beaconsfield CC,,,15829.04,,,,136727.43,,,,0,,,,0,,152556.47,,,0,,uncapped,820.8,uncapped,0,820.8,153377.27,16
Dominic Raab,Esher and Walton BC,,,10971.7,,,,108168.04,,,,0,,,,0,,119139.74,,,0,,uncapped,0,uncapped,0,0,119139.74,4007
Don Foster,Bath BC,,,21677.17,,,,120873.48,,,,0,,,,0,,142550.65,,,19845.12,,uncapped,4790.55,uncapped,0,24635.67,167186.32,214
Douglas Alexander,Paisley and Renfrewshire South CC,,,18491.97,,,,96838.45,,,,0,,,,0,,115330.42,,,0,,uncapped,13208.07,uncapped,0,13208.07,128538.49,632
Douglas Carswell,Clacton CC,,,20094.66,,,,112200.93,,,,0,,,,0,,132295.59,,,13398.28,,uncapped,5078.9,uncapped,0,18477.18,150772.77,1527
Duncan Hames,Chippenham CC,,,16025.24,,,,136491.64,,,,0,,,,0,,152516.88,,,12661.75,,uncapped,2217.15,uncapped,0,14878.9,167395.78,3951
Ed Balls,Morley and Outwood CC,,,21104.26,,,,129069.22,,,,0,,,,0,,150173.48,,,0,,uncapped,9688.12,uncapped,0,9688.12,159861.6,1549
Edward Davey,Kingston and Surbiton BC,,,21329.59,,,,142972.38,,,,0,,,,0,,164301.97,,,0,,uncapped,0,uncapped,0,0,164301.97,188
Edward Garnier,Harborough CC,,,6578.74,,,,116479.54,,,,0,,,,0,,123058.28,,,10864.5,,uncapped,6645.88,uncapped,1007,18517.38,141575.66,337
Edward Leigh,Gainsborough CC,,,10492.06,,,,123246.72,,,,0,,,,0,,133738.78,,,4580.42,,uncapped,7012.94,uncapped,0,11593.36,145332.14,345
Edward Miliband,Doncaster North CC,,,12008.65,,,,114595.64,,,,0,,,,0,,126604.29,,,10715.18,,uncapped,1200.9,uncapped,0,11916.08,138520.37,1510
Edward Timpson,Crewe and Nantwich CC,,,14125.53,,,,119629.42,,,,0,,,,0,,133754.95,,,0,,uncapped,10865.3,uncapped,0,10865.3,144620.25,1605
Edward Vaizey,Wantage CC,,,11506.33,,,,109053.49,,,,0,,,,0,,120559.82,,,6016.16,,uncapped,2624.78,uncapped,0,8640.94,129200.76,1580
Eilidh Whiteford,Banff and Buchan CC,,,16943.7,,,,117111.69,,,,0,,,,0,,134055.39,,,19984.07,,uncapped,16901.83,uncapped,60.68,36946.58,171001.97,3911
Eleanor Laing,Epping Forest CC,,,21457.24,,,,118504.97,,,,0,,,,0,,139962.21,,,0,,uncapped,0,uncapped,0,0,139962.21,36
Elfyn Llwyd,Dwyfor Meirionnydd CC,,,20365.56,,,,112824.88,,,,0,,,,0,,133190.44,,,14610.94,,uncapped,10435.2,uncapped,0,25046.14,158236.58,549
Elizabeth Truss,South West Norfolk CC,,,9026.29,,,,116110.62,,,,0,,,,0,,125136.91,,,7028.71,,uncapped,8636.71,uncapped,0,15665.42,140802.33,4097
Emily Thornberry,Islington South and Finsbury BC,,,28645.9,,,,144634.01,,,,0,,,,0,,173279.91,,,0,,uncapped,0,uncapped,0,0,173279.91,1536
Emma Reynolds,Wolverhampton North East BC,,,22200,,,,132015.58,,,,0,,,,0,,154215.58,,,19967.48,,uncapped,3731,uncapped,0,23698.48,177914.06,4077
Eric Joyce,Falkirk CC,,,21570.22,,,,126048.5,,,,0,,,,0,,147618.72,,,12366.03,,uncapped,36608.93,uncapped,0,48974.96,196593.68,603
Eric Ollerenshaw,Lancaster and Fleetwood CC,,,10588.86,,,,117908.54,,,,0,,,,0,,128497.4,,,0,,uncapped,6283.55,uncapped,0,6283.55,134780.95,4141
Eric Pickles,Brentwood and Ongar CC,,,9202.29,,,,111018.84,,,,0,,,,0,,120221.13,,,0,,uncapped,0,uncapped,0,0,120221.13,33
Esther McVey,Wirral West CC,,,17850.56,,,,128276.94,,,,0,,,,0,,146127.5,,,20000,,uncapped,7714.9,uncapped,0,27714.9,173842.4,4084
Fabian Hamilton,Leeds North East BC,,,22200,,,,129872.61,,,,0,,,,0,,152072.61,,,116.33,,uncapped,6750.14,uncapped,0,6866.47,158939.08,415
Fiona Bruce,Congleton CC,,,18981.93,,,,119757.85,,,,0,,,,0,,138739.78,,,5496.57,,uncapped,7972.82,uncapped,0,13469.39,152209.17,3958
Fiona Mactaggart,Slough BC,,,24666.52,,,,146717.01,,,,0,,,,0,,171383.53,,,0,,uncapped,2458.82,uncapped,0,2458.82,173842.35,12
Fiona O'Donnell,East Lothian CC,,,11885.54,,,,121496.93,,,,0,,,,0,,133382.47,,,19716.47,,uncapped,19018.59,uncapped,0,38735.06,172117.53,3964
Francis Maude,Horsham CC,,,12876.25,,,,98671.2,,,,0,,,,0,,111547.45,,,8707.61,,uncapped,2393.75,uncapped,0,11101.36,122648.81,115
Frank Dobson,Holborn and St Pancras BC,,,3469.22,,,,133541.58,,,,0,,,,0,,137010.8,,,0,,uncapped,44.6,uncapped,0,44.6,137055.4,180
Frank Doran,Aberdeen North BC,,,21431.64,,,,131182.14,,,,0,,,,0,,152613.78,,,14767.38,,uncapped,22982.45,uncapped,0,37749.83,190363.61,570
Frank Field,Birkenhead BC,,,5064.1,,,,123056.72,,,,0,,,,0,,128120.82,,,0,,uncapped,8983.51,uncapped,0,8983.51,137104.33,478
Frank Roy,Motherwell and Wishaw BC,,,19754.36,,,,110462.27,,,,0,,,,0,,130216.63,,,19739.2,,uncapped,16681.07,uncapped,0,36420.27,166636.9,626
Gareth Johnson,Dartford CC,,,23889.27,,,,121302.41,,,,0,,,,0,,145191.68,,,0,,uncapped,8550.75,uncapped,63.9,8614.65,153806.33,3970
Gareth Thomas,Harrow West BC,,,23805.93,,,,137295.95,,,,0,,,,0,,161101.88,,,0,,uncapped,15,uncapped,0,15,161116.88,177
Gary Streeter,South West Devon CC,,,20914.79,,,,136399.64,,,,0,,,,0,,157314.43,,,21394.45,,uncapped,11042.85,uncapped,0,32437.3,189751.73,234
Gavin Barwell,Croydon Central BC,,,24609.31,,,,129980.33,,,,0,,,,0,,154589.64,,,0,,uncapped,204.15,uncapped,0,204.15,154793.79,3955
Gavin Shuker,Luton South BC,,,10823.9,,,,137951.49,,,,0,,,,0,,148775.39,,,2311.16,,uncapped,4880.85,uncapped,0,7192.01,155967.4,4013
Gavin Williamson,South Staffordshire CC,,,21570.01,,,,87770.72,,,,0,,,,0,,109340.73,,,18291.89,,uncapped,6233.93,uncapped,444,24969.82,134310.55,4108
Gemma Doyle,West Dunbartonshire CC,,,24235.85,,,,114290.17,,,,0,,,,0,,138526.02,,,0,,uncapped,18386.02,uncapped,0,18386.02,156912.04,4063
Geoffrey Clifton-Brown,The Cotswolds CC,,,12830.74,,,,118230.46,,,,0,,,,0,,131061.2,,,0,,uncapped,4364.85,uncapped,0,4364.85,135426.05,249
Geoffrey Cox,Torridge and West Devon CC,,,20378.18,,,,116480.39,,,,0,,,,0,,136858.57,,,8293.7,,uncapped,12730.19,uncapped,936.62,21960.51,158819.08,1508
Geoffrey Robinson,Coventry North West BC,,,15166.57,,,,132548.85,,,,0,,,,0,,147715.42,,,0,,uncapped,12099.9,uncapped,0,12099.9,159815.32,307
George Eustice,Camborne and Redruth CC,,,11002.66,,,,113020.65,,,,0,,,,0,,124023.31,,,0,,uncapped,9750.42,uncapped,0,9750.42,133773.73,3934
George Freeman,Mid Norfolk CC,,,19228.84,,,,132366.78,,,,0,,,,0,,151595.62,,,7627.52,,uncapped,5613.32,uncapped,0,13240.84,164836.46,4020
George Galloway,Bradford West BC,,,31436.42,,,,117426,,,,6033.58,,,,0,,154896,,,1289.15,,uncapped,13889.7,uncapped,0,15178.85,170074.85,609
George Hollingbery,Meon Valley CC,,,7012.18,,,,123366.48,,,,0,,,,0,,130378.66,,,0,,uncapped,491.95,uncapped,0,491.95,130870.61,4016
George Howarth,Knowsley BC,,,20173.93,,,,94149.29,,,,0,,,,0,,114323.22,,,9141.25,,uncapped,9473.95,uncapped,258.4,18873.6,133196.82,481
George Mudie,Leeds East BC,,,17562.96,,,,128841.8,,,,0,,,,0,,146404.76,,,0,,uncapped,8421.63,uncapped,0,8421.63,154826.39,414
George Osborne,Tatton CC,,,3917.17,,,,115265.28,,,,0,,,,0,,119182.45,,,0,,uncapped,2315.62,uncapped,0,2315.62,121498.07,1458
George Young,North West Hampshire CC,,,11431.32,,,,79926.55,,,,0,,,,0,,91357.87,,,5900.31,,uncapped,4472.45,uncapped,0,10372.76,101730.63,57
Geraint Davies,Swansea West BC,,,17129.61,,,,114505.37,,,,0,,,,0,,131634.98,,,11400.6,,uncapped,6519.27,uncapped,0,17919.87,149554.85,155
Gerald Howarth,Aldershot BC,,,15188.89,,,,90927.44,,,,0,,,,0,,106116.33,,,5913.67,,uncapped,1904.03,uncapped,2704,10521.7,116638.03,47
Gerald Kaufman,"Manchester, Gorton BC",,,6614.13,,,,112062,,,,0,,,,0,,118676.13,,,4246.85,,uncapped,9346.5,uncapped,0,13593.35,132269.48,451
Gerry Sutcliffe,Bradford South BC,,,20061.49,,,,107867.06,,,,0,,,,0,,127928.55,,,15600,,uncapped,11625.09,uncapped,0,27225.09,155153.64,403
Gisela Stuart,"Birmingham, Edgbaston BC",,,17418.14,,,,105359.27,,,,0,,,,0,,122777.41,,,10949.98,,uncapped,6684.95,uncapped,0,17634.93,140412.34,296
Glenda Jackson,Hampstead and Kilburn BC,,,14570.75,,,,157482.34,,,,0,,,,0,,172053.09,,,0,,uncapped,173,uncapped,4366.61,4539.61,176592.7,175
Gloria De Piero,Ashfield CC,,,13826.09,,,,103588.9,,,,0,,,,0,,117414.99,,,19934.41,,uncapped,3750.32,uncapped,0,23684.73,141099.72,3915
Glyn Davies,Montgomeryshire CC,,,16265.34,,,,108903.31,,,,0,,,,0,,125168.65,,,19870,,uncapped,11266.8,uncapped,0,31136.8,156305.45,4041
Gordon Banks,Ochil and South Perthshire CC,,,21808.93,,,,129145.05,,,,0,,,,0,,150953.98,,,16868.9,,uncapped,21682.21,uncapped,0,38551.11,189505.09,1589
Gordon Birtwistle,Burnley BC,,,23424.32,,,,137067.33,,,,0,,,,0,,160491.65,,,18330.73,,uncapped,12786.48,uncapped,0,31117.21,191608.86,3946
Gordon Brown,Kirkcaldy and Cowdenbeath CC,,,13571.27,,,,116047.69,,,,0,,,,0,,129618.96,,,0,,uncapped,15202.44,uncapped,0,15202.44,144821.4,591
Gordon Henderson,Sittingbourne and Sheppey CC,,,13478.18,,,,113493.63,,,,0,,,,0,,126971.81,,,0,,uncapped,8339.85,uncapped,0,8339.85,135311.66,4050
Gordon Marsden,Blackpool South BC,,,18774.95,,,,126875.92,,,,0,,,,0,,145650.87,,,7569.31,,uncapped,7297.63,uncapped,0,14866.94,160517.81,465
Graeme Morrice,Livingston CC,,,21300.96,,,,124505.63,,,,0,,,,0,,145806.59,,,19761.3,,uncapped,10560.85,uncapped,300,30622.15,176428.74,4012
Graham Allen,Nottingham North BC,,,22769.89,,,,119970.19,,,,0,,,,0,,142740.08,,,9542.93,,uncapped,8971.77,uncapped,0,18514.7,161254.78,364
Graham Brady,Altrincham and Sale West BC,,,12865.01,,,,125493.12,,,,0,,,,0,,138358.13,,,6635.77,,uncapped,5525.95,uncapped,0,12161.72,150519.85,435
Graham Evans,Weaver Vale CC,,,18205.23,,,,109481.83,,,,0,,,,0,,127687.06,,,20893.02,,uncapped,11131.07,uncapped,0,32024.09,159711.15,4081
Graham Jones,Hyndburn BC,,,20902.37,,,,110147.88,,,,0,,,,0,,131050.25,,,22525.92,,uncapped,8088.57,uncapped,0,30614.49,161664.74,3999
Graham Stringer,Blackley and Broughton BC,,,18131.09,,,,115749.62,,,,0,,,,0,,133880.71,,,12380,,uncapped,11200.75,uncapped,0,23580.75,157461.46,449
Graham Stuart,Beverley and Holderness CC,,,16626.04,,,,126951.92,,,,0,,,,0,,143577.96,,,19191.56,,uncapped,9422.26,uncapped,60,28673.82,172251.78,1482
Grahame Morris,Easington CC,,,18303.86,,,,128100.12,,,,0,,,,0,,146403.98,,,19844.72,,uncapped,7236.5,uncapped,0,27081.22,173485.2,3973
Grant Shapps,Welwyn Hatfield CC,,,16641.61,,,,127334.97,,,,0,,,,0,,143976.58,,,0,,uncapped,7949.17,uncapped,0,7949.17,151925.75,1582
Greg Clark,Tunbridge Wells CC,,,18683.73,,,,128030.95,,,,0,,,,0,,146714.68,,,19415.13,,uncapped,1350.85,uncapped,0,20765.98,167480.66,1578
Greg Hands,Chelsea and Fulham BC,,,2728.76,,,,116110.69,,,,0,,,,0,,118839.45,,,0,,uncapped,688.1,uncapped,0,688.1,119527.55,1526
Greg Knight,East Yorkshire CC,,,17750.73,,,,118197.81,,,,0,,,,0,,135948.54,,,18745.5,,uncapped,8902.2,uncapped,0,27647.7,163596.24,1200
Greg Mulholland,Leeds North West BC,,,20275.95,,,,131801.26,,,,0,,,,0,,152077.21,,,18806.87,,uncapped,9831.56,uncapped,0,28638.43,180715.64,1540
Gregg McClymont,"Cumbernauld, Kilsyth and Kirkintilloch East CC",,,23015.41,,,,139493.86,,,,0,,,,0,,162509.27,,,0,,uncapped,18853.59,uncapped,0,18853.59,181362.86,3949
Gregory Barker,Bexhill and Battle CC,,,12987.89,,,,113303.79,,,,0,,,,0,,126291.68,,,27746.32,,uncapped,3850.66,uncapped,0,31596.98,157888.66,1389
Gregory Campbell,East Londonderry,,,5348.7,,,,87874.67,,,,0,,,,0,,93223.37,,,16277.47,,uncapped,22578.38,uncapped,124.48,38980.33,132203.7,1409
Guto Bebb,Aberconwy CC,,,20440.58,,,,113527.67,,,,0,,,,0,,133968.25,,,19644.22,,uncapped,15184.23,uncapped,2254.59,37083.04,171051.29,3910
Guy Opperman,Hexham CC,,,21742.28,,,,125556.81,,,,0,,,,0,,147299.09,,,8250.78,,uncapped,5667.8,uncapped,0,13918.58,161217.67,4142
Harriet Harman,Camberwell and Peckham BC,,,18982.31,,,,144996.78,,,,0,,,,0,,163979.09,,,0,,uncapped,369.38,uncapped,0,369.38,164348.47,150
Harriett Baldwin,West Worcestershire CC,,,21550.53,,,,132836.89,,,,0,,,,0,,154387.42,,,3023.38,,uncapped,8731.99,uncapped,0,11755.37,166142.79,4107
Hazel Blears,Salford and Eccles BC,,,19341.56,,,,130606.59,,,,0,,,,0,,149948.15,,,20320.64,,uncapped,8976.79,uncapped,0,29297.43,179245.58,456
Heather Wheeler,South Derbyshire CC,,,19941.55,,,,116159.77,,,,0,,,,0,,136101.32,,,20459.23,,uncapped,8391.35,uncapped,0,28850.58,164951.9,4053
Heidi Alexander,Lewisham East BC,,,16925.86,,,,123335.87,,,,0,,,,0,,140261.73,,,0,,uncapped,0,uncapped,0,0,140261.73,4038
Helen Goodman,Bishop Auckland CC,,,19462.78,,,,118952.14,,,,0,,,,0,,138414.92,,,4547.34,,uncapped,17629.68,uncapped,0,22177.02,160591.94,1484
Helen Grant,Maidstone and The Weald CC,,,19315.41,,,,116794.82,,,,0,,,,0,,136110.23,,,16888.7,,uncapped,297.4,uncapped,0,17186.1,153296.33,4018
Helen Jones,Warrington North BC,,,22196.91,,,,122614.65,,,,0,,,,0,,144811.56,,,19572.12,,uncapped,7374.81,uncapped,0,26946.93,171758.49,432
Henry Bellingham,North West Norfolk CC,,,19623.35,,,,122866.3,,,,0,,,,0,,142489.65,,,7116.13,,uncapped,4870.3,uncapped,350.16,12336.59,154826.24,1441
Henry Smith,Crawley BC,,,16179.63,,,,106025.42,,,,0,,,,0,,122205.05,,,0,,uncapped,5835.32,uncapped,0,5835.32,128040.37,3960
Hilary Benn,Leeds Central BC,,,22100.53,,,,123030.73,,,,0,,,,0,,145131.26,,,4067.1,,uncapped,8259.75,uncapped,0,12326.85,157458.11,413
Hugh Bayley,York Central BC,,,21248.91,,,,128582.16,,,,0,,,,0,,149831.07,,,6106.28,,uncapped,7658,uncapped,0,13764.28,163595.35,385
Hugh Robertson,Faversham and Mid Kent CC,,,12464.6,,,,76896.56,,,,0,,,,0,,89361.16,,,24292.67,,uncapped,4232.25,uncapped,408,28932.92,118294.08,1415
Hugo Swire,East Devon CC,,,4567.7,,,,123088.31,,,,0,,,,0,,127656.01,,,8775.78,,uncapped,5509.9,uncapped,0,14285.68,141941.69,1408
Huw Irranca-Davies,Ogmore CC,,,18455.05,,,,127968.25,,,,0,,,,0,,146423.3,,,17597.69,,uncapped,7034.14,uncapped,0,24631.83,171055.13,1476
Hywel Francis,Aberavon CC,,,21309.83,,,,108221.73,,,,0,,,,0,,129531.56,,,19412.46,,uncapped,6196.31,uncapped,0,25608.77,155140.33,1382
Hywel Williams,Arfon CC,,,17638.92,,,,120299.14,,,,0,,,,0,,137938.06,,,20016.59,,uncapped,7469.31,uncapped,0,27485.9,165423.96,1397
Iain Duncan Smith,Chingford and Woodford Green BC,,,17523.93,,,,112494.45,,,,0,,,,0,,130018.38,,,0,,uncapped,717.55,uncapped,0,717.55,130735.93,152
Iain McKenzie,Inverclyde CC,,,20895.36,,,,113117.26,,,,0,,,,0,,134012.62,,,23338.98,,uncapped,17604.6,uncapped,0,40943.58,174956.2,4246
Iain Stewart,Milton Keynes South BC,,,13582.55,,,,120771.1,,,,0,,,,0,,134353.65,,,9000,,uncapped,6495.19,uncapped,0,15495.19,149848.84,4015
Iain Wright,Hartlepool BC,,,12287.02,,,,89665.24,,,,0,,,,0,,101952.26,,,8193.91,,uncapped,6618.59,uncapped,0,14812.5,116764.76,1478
Ian Austin,Dudley North BC,,,17342.32,,,,128605.31,,,,0,,,,0,,145947.63,,,20308.63,,uncapped,5043.6,uncapped,0,25352.23,171299.86,1511
Ian Davidson,Glasgow South West BC,,,20957.49,,,,121323.71,,,,0,,,,0,,142281.2,,,20427.55,,uncapped,14511.31,uncapped,0,34938.86,177220.06,611
Ian Lavery,Wansbeck CC,,,20804.74,,,,132796.73,,,,0,,,,0,,153601.47,,,18803.88,,uncapped,14804.34,uncapped,0,33608.22,187209.69,4139
Ian Liddell-Grainger,Bridgwater and West Somerset CC,,,17482.97,,,,132388.38,,,,0,,,,0,,149871.35,,,26236.95,,uncapped,7740.65,uncapped,984.4,34962,184833.35,1396
Ian Lucas,Wrexham CC,,,18356.16,,,,116183.77,,,,0,,,,0,,134539.93,,,18797.84,,uncapped,5508.03,uncapped,0,24305.87,158845.8,1470
Ian Mearns,Gateshead BC,,,22096.44,,,,120306.79,,,,0,,,,0,,142403.23,,,18158.81,,uncapped,10071.6,uncapped,0,28230.41,170633.64,4000
Ian Murray,Edinburgh South BC,,,26950.04,,,,125038.22,,,,0,,,,0,,151988.26,,,19375.29,,uncapped,12112.12,uncapped,0,31487.41,183475.67,3966
Ian Paisley,North Antrim,,,29289.28,,,,133337.76,,,,0,,,,0,,162627.04,,,30601.24,,uncapped,45039.08,uncapped,0,75640.32,238267.36,4129
Ian Swales,Redcar BC,,,13791.51,,,,119752.07,,,,0,,,,0,,133543.58,,,21916.87,,uncapped,6221.95,uncapped,670.21,28809.03,162352.61,4045
Ivan Lewis,Bury South BC,,,21985.67,,,,133491.46,,,,0,,,,0,,155477.13,,,19952.76,,uncapped,8885.7,uncapped,0,28838.46,184315.59,441
Jack Dromey,"Birmingham, Erdington BC",,,22107.33,,,,130099.33,,,,0,,,,0,,152206.66,,,10125.38,,uncapped,6491.7,uncapped,0,16617.08,168823.74,3913
Jack Lopresti,Filton and Bradley Stoke CC,,,20538.68,,,,118488.94,,,,0,,,,0,,139027.62,,,17625.64,,uncapped,4857.09,uncapped,0,22482.73,161510.35,3989
Jack Straw,Blackburn BC,,,28925,,,,132133.17,,,,0,,,,0,,161058.17,,,1927.73,,uncapped,6505.9,uncapped,0,8433.63,169491.8,463
Jackie Doyle-Price,Thurrock BC,,,22349.91,,,,119959.8,,,,0,,,,0,,142309.71,,,0,,uncapped,1636.65,uncapped,0,1636.65,143946.36,4065
Jacob Rees-Mogg,North East Somerset CC,,,1345.4,,,,101890.35,,,,0,,,,0,,103235.75,,,0,,uncapped,0,uncapped,0,0,103235.75,4099
Jake Berry,Rossendale and Darwen BC,,,23155.22,,,,113772.8,,,,0,,,,0,,136928.02,,,20889.06,,uncapped,10325.14,uncapped,0,31214.2,168142.22,4060
James Arbuthnot,North East Hampshire CC,,,19238.07,,,,122363.93,,,,0,,,,0,,141602,,,13230,,uncapped,1540.85,uncapped,0,14770.85,156372.85,56
James Brokenshire,Old Bexley and Sidcup BC,,,6003.94,,,,89033.36,,,,0,,,,0,,95037.3,,,0,,uncapped,0,uncapped,0,0,95037.3,1530
James Clappison,Hertsmere CC,,,6391,,,,84946.83,,,,0,,,,0,,91337.83,,,0,,uncapped,0,uncapped,0,0,91337.83,67
James Duddridge,Rochford and Southend East CC,,,15769.24,,,,122737.22,,,,0,,,,0,,138506.46,,,8020.6,,uncapped,2155.29,uncapped,0,10175.89,148682.35,1559
James Gray,North Wiltshire CC,,,19787.45,,,,132821.47,,,,0,,,,0,,152608.92,,,14587.44,,uncapped,10338.03,uncapped,0,24925.47,177534.39,261
James Morris,Halesowen and Rowley Regis BC,,,21624.98,,,,107182.49,,,,0,,,,0,,128807.47,,,9466.17,,uncapped,5088.45,uncapped,0,14554.62,143362.09,3992
James Paice,South East Cambridgeshire CC,,,9440.19,,,,113360.29,,,,0,,,,0,,122800.48,,,16919.16,,uncapped,4752.05,uncapped,0,21671.21,144471.69,124
James Wharton,Stockton South BC,,,19262.15,,,,118680.72,,,,0,,,,0,,137942.87,,,19998.62,,uncapped,7303.34,uncapped,0,27301.96,165244.83,4123
Jamie Reed,Copeland CC,,,18999.87,,,,138236.47,,,,0,,,,0,,157236.34,,,9047.04,,uncapped,12731.65,uncapped,0,21778.69,179015.03,1503
Jane Ellison,Battersea BC,,,17101.76,,,,129782.09,,,,0,,,,0,,146883.85,,,0,,uncapped,26,uncapped,0,26,146909.85,3918
Jason McCartney,Colne Valley CC,,,13400.75,,,,122467.37,,,,0,,,,0,,135868.12,,,6618.5,,uncapped,4925.85,uncapped,0,11544.35,147412.47,3953
Jeffrey Donaldson,Lagan Valley,,,21891.92,,,,121085.64,,,,0,,,,0,,142977.56,,,7999.79,,uncapped,25974.77,uncapped,0,33974.56,176952.12,650
Jenny Chapman,Darlington BC,,,20701.86,,,,105368.04,,,,0,,,,0,,126069.9,,,14224.64,,uncapped,10327.3,uncapped,4386.41,28938.35,155008.25,3972
Jenny Willott,Cardiff Central BC,,,19076.39,,,,114997.85,,,,0,,,,0,,134074.24,,,25637.28,,uncapped,6909.01,uncapped,1164,33710.29,167784.53,1497
Jeremy Browne,Taunton Deane CC,,,18772.94,,,,117880.68,,,,0,,,,0,,136653.62,,,0,,uncapped,7360.95,uncapped,0,7360.95,144014.57,1575
Jeremy Corbyn,Islington North BC,,,16423.37,,,,122627.27,,,,0,,,,0,,139050.64,,,0,,uncapped,533.8,uncapped,0,533.8,139584.44,185
Jeremy Hunt,South West Surrey CC,,,14647.27,,,,99084.11,,,,0,,,,0,,113731.38,,,2051.19,,uncapped,2306.78,uncapped,252.05,4610.02,118341.4,1572
Jeremy Lefroy,Stafford CC,,,22404.22,,,,135260.98,,,,0,,,,0,,157665.2,,,11728.69,,uncapped,4154.29,uncapped,0,15882.98,173548.18,4109
Jeremy Wright,Kenilworth and Southam CC,,,17614.28,,,,104349.11,,,,0,,,,0,,121963.39,,,17702.41,,uncapped,5767.6,uncapped,0,23470.01,145433.4,1560
Jesse Norman,Hereford and South Herefordshire CC,,,16941.27,,,,111572.62,,,,0,,,,0,,128513.89,,,0,,uncapped,269.75,uncapped,0,269.75,128783.64,3991
Jessica Lee,Erewash CC,,,14928.61,,,,111928.78,,,,0,,,,0,,126857.39,,,21380.49,,uncapped,2582.89,uncapped,0,23963.38,150820.77,3993
Jessica Morden,Newport East CC,,,20712.27,,,,102993.71,,,,0,,,,0,,123705.98,,,10370.74,,uncapped,5334.79,uncapped,0,15705.53,139411.51,1548
Jim Cunningham,Coventry South BC,,,9899.98,,,,88324.07,,,,0,,,,0,,98224.05,,,16668.14,,uncapped,1366.25,uncapped,0,18034.39,116258.44,308
Jim Dobbin,Heywood and Middleton CC,,,16328.21,,,,136002.89,,,,0,,,,0,,152331.1,,,37.95,,uncapped,5590.3,uncapped,0,5628.25,157959.35,446
Jim Dowd,Lewisham West and Penge BC,,,23142.23,,,,126077.24,,,,0,,,,0,,149219.47,,,0,,uncapped,233.19,uncapped,0,233.19,149452.66,189
Jim Fitzpatrick,Poplar and Limehouse BC,,,23454,,,,132095.15,,,,0,,,,0,,155549.15,,,0,,uncapped,360,uncapped,0,360,155909.15,197
Jim Hood,Lanark and Hamilton East CC,,,16436.97,,,,102096.25,,,,0,,,,0,,118533.22,,,6350.44,,uncapped,11736.1,uncapped,1280,19366.54,137899.76,582
Jim McGovern,Dundee West BC,,,21938.19,,,,137694.45,,,,0,,,,0,,159632.64,,,20000,,uncapped,18934.35,uncapped,0,38934.35,198566.99,1515
Jim Murphy,East Renfrewshire CC,,,19527.62,,,,133603.23,,,,0,,,,0,,153130.85,,,22584.89,,uncapped,19418.62,uncapped,0,42003.51,195134.36,595
Jim Shannon,Strangford,,,31441.12,,,,157648.94,,,,0,,,,0,,189090.06,,,12286.68,,uncapped,24577.81,uncapped,0,36864.49,225954.55,4131
Jim Sheridan,Paisley and Renfrewshire North CC,,,22199.73,,,,134374.98,,,,0,,,,0,,156574.71,,,20462.22,,uncapped,22098.78,uncapped,0,42561,199135.71,1464
Jo Johnson,Orpington BC,,,15799.04,,,,115797.51,,,,0,,,,0,,131596.55,,,0,,uncapped,1510.13,uncapped,0,1510.13,133106.68,4039
Jo Swinson,East Dunbartonshire CC,,,21410.47,,,,142093.63,,,,0,,,,0,,163504.1,,,11765.29,,uncapped,10085.63,uncapped,470.16,22321.08,185825.18,1513
Joan Ruddock,"Lewisham, Deptford BC",,,23704.75,,,,137835.57,,,,0,,,,0,,161540.32,,,0,,uncapped,1047.7,uncapped,0,1047.7,162588.02,190
Joan Walley,Stoke-on-Trent North BC,,,18422.98,,,,113396.69,,,,0,,,,0,,131819.67,,,5393.37,,uncapped,10919.1,uncapped,0,16312.47,148132.14,286
Joe Benton,Bootle BC,,,21714.56,,,,111729.42,,,,0,,,,0,,133443.98,,,586.57,,uncapped,5567.74,uncapped,540,6694.31,140138.29,479
John Baron,Basildon and Billericay BC,,,22463.71,,,,120900.62,,,,0,,,,0,,143364.33,,,0,,uncapped,1847.9,uncapped,0,1847.9,145212.23,1390
John Bercow,Buckingham CC,,,4772.8,,,,100705.69,,,,0,,,,0,,105478.49,,,0,,uncapped,3493.25,uncapped,0,3493.25,108971.74,17
John Cryer,Leyton and Wanstead BC,,,18967.13,,,,135298.04,,,,0,,,,0,,154265.17,,,0,,uncapped,588.7,uncapped,0,588.7,154853.87,181
John Denham,"Southampton, Itchen BC",,,20600.85,,,,127785.94,,,,0,,,,0,,148386.79,,,21020.69,,uncapped,3013.07,uncapped,0,24033.76,172420.55,61
John Glen,Salisbury CC,,,21982.3,,,,128107.5,,,,0,,,,0,,150089.8,,,17677,,uncapped,5773.71,uncapped,0,23450.71,173540.51,4051
John Hayes,South Holland and The Deepings CC,,,16665.39,,,,120048.65,,,,0,,,,0,,136714.04,,,21872.76,,uncapped,10050.6,uncapped,0,31923.36,168637.4,350
John Healey,Wentworth and Dearne CC,,,25308.87,,,,133033.04,,,,0,,,,0,,158341.91,,,22060.27,,uncapped,15752.75,uncapped,696,38509.02,196850.93,400
John Hemming,"Birmingham, Yardley BC",,,22200,,,,137474.23,,,,0,,,,0,,159674.23,,,0,,uncapped,1530.6,uncapped,0,1530.6,161204.83,1483
John Howell,Henley CC,,,6439.43,,,,107659.57,,,,0,,,,0,,114099,,,19122.54,,uncapped,1392.14,uncapped,0,20514.68,134613.68,1606
John Leech,"Manchester, Withington BC",,,22647.79,,,,131020.36,,,,0,,,,0,,153668.15,,,17939.41,,uncapped,9181.18,uncapped,0,27120.59,180788.74,1543
John Mann,Bassetlaw CC,,,21968.34,,,,110840.78,,,,0,,,,0,,132809.12,,,9000,,uncapped,7947.14,uncapped,0,16947.14,149756.26,1387
John McDonnell,Hayes and Harlington BC,,,17160.1,,,,114830.45,,,,0,,,,0,,131990.55,,,0,,uncapped,980.1,uncapped,0,980.1,132970.65,178
John Penrose,Weston-Super-Mare CC,,,10317.02,,,,94224.21,,,,0,,,,0,,104541.23,,,0,,uncapped,7289.8,uncapped,0,7289.8,111831.03,1584
John Pugh,Southport BC,,,19711.1,,,,112260.61,,,,0,,,,0,,131971.71,,,19375.18,,uncapped,4361.85,uncapped,0,23737.03,155708.74,1454
John Randall,Uxbridge and South Ruislip BC,,,604.2,,,,78071.62,,,,0,,,,0,,78675.82,,,0,,uncapped,0,uncapped,0,0,78675.82,209
John Redwood,Wokingham CC,,,2529.53,,,,57021.36,,,,0,,,,0,,59550.89,,,6256.44,,uncapped,0,uncapped,0,6256.44,65807.33,14
John Robertson,Glasgow North West BC,,,14796.1,,,,93702.21,,,,0,,,,0,,108498.31,,,17838.73,,uncapped,14128.66,uncapped,0,31967.39,140465.7,605
John Spellar,Warley BC,,,13648.05,,,,107041.32,,,,0,,,,0,,120689.37,,,2201.73,,uncapped,3986.25,uncapped,0,6187.98,126877.35,318
John Stanley,Tonbridge and Malling CC,,,3795.17,,,,76319.86,,,,0,,,,0,,80115.03,,,0,,uncapped,0,uncapped,0,0,80115.03,91
John Stevenson,Carlisle CC,,,22129.09,,,,95644.08,,,,0,,,,0,,117773.17,,,14695.6,,uncapped,11995.35,uncapped,162,26852.95,144626.12,3942
John Thurso,"Caithness, Sutherland and Easter Ross CC",,,8165.99,,,,110760.39,,,,0,,,,0,,118926.38,,,18982.1,,uncapped,35887.13,uncapped,0,54869.23,173795.61,1399
John Whittingdale,Maldon CC,,,8309.65,,,,87570.45,,,,0,,,,0,,95880.1,,,15763.18,,uncapped,4170.65,uncapped,0,19933.83,115813.93,39
John Woodcock,Barrow and Furness CC,,,19023.96,,,,130328.6,,,,0,,,,0,,149352.56,,,9171.85,,uncapped,4648.3,uncapped,0,13820.15,163172.71,3917
Jon Cruddas,Dagenham and Rainham BC,,,23662.58,,,,147447.76,,,,0,,,,0,,171110.34,,,0,,uncapped,0,uncapped,0,0,171110.34,1406
Jon Trickett,Hemsworth CC,,,13202.34,,,,118552.58,,,,0,,,,0,,131754.92,,,23400,,uncapped,8063.8,uncapped,0,31463.8,163218.72,410
Jonathan Ashworth,Leicester South BC,,,23075.57,,,,131758.8,,,,862.6,,,,0,,155696.97,,,22805.29,,uncapped,6328.37,uncapped,0,29133.66,184830.63,4244
Jonathan Djanogly,Huntingdon CC,,,12930.79,,,,107244.6,,,,0,,,,0,,120175.39,,,0,,uncapped,3808.4,uncapped,0,3808.4,123983.79,1425
Jonathan Edwards,Carmarthen East and Dinefwr CC,,,15481.56,,,,91049.08,,,,0,,,,0,,106530.64,,,19437.3,,uncapped,4700.88,uncapped,0,24138.18,130668.82,3943
Jonathan Evans,Cardiff North BC,,,17768.36,,,,116170.54,,,,0,,,,0,,133938.9,,,19858.16,,uncapped,0,uncapped,0,19858.16,153797.06,1166
Jonathan Lord,Woking CC,,,9930.2,,,,89851.72,,,,0,,,,0,,99781.92,,,0,,uncapped,1902.15,uncapped,0,1902.15,101684.07,4090
Jonathan Reynolds,Stalybridge and Hyde CC,,,29733.69,,,,133013.97,,,,0,,,,0,,162747.66,,,22045.55,,uncapped,10523.07,uncapped,0,32568.62,195316.28,4119
Julian Brazier,Canterbury CC,,,19165.55,,,,100358.46,,,,0,,,,0,,119524.01,,,14251.78,,uncapped,4276.45,uncapped,860,19388.23,138912.24,77
Julian Huppert,Cambridge BC,,,18896.46,,,,135283.9,,,,0,,,,0,,154180.36,,,14906.66,,uncapped,2913.3,uncapped,0,17819.96,172000.32,3931
Julian Lewis,New Forest East CC,,,13182.16,,,,102015.6,,,,0,,,,0,,115197.76,,,5949.51,,uncapped,3287,uncapped,0,9236.51,124434.27,54
Julian Smith,Skipton and Ripon CC,,,16123.38,,,,131118.55,,,,0,,,,0,,147241.93,,,0,,uncapped,7477.64,uncapped,0,7477.64,154719.57,4118
Julian Sturdy,York Outer CC,,,11389.75,,,,87458.46,,,,0,,,,0,,98848.21,,,21224.28,,uncapped,9552.6,uncapped,0,30776.88,129625.09,4079
Julie Elliott,Sunderland Central BC,,,20790.33,,,,124366.88,,,,0,,,,0,,145157.21,,,15903.66,,uncapped,6076.94,uncapped,0,21980.6,167137.81,4127
Julie Hilling,Bolton West CC,,,22135.48,,,,118406.81,,,,0,,,,0,,140542.29,,,18939.97,,uncapped,8327.8,uncapped,0,27267.77,167810.06,3925
Justin Tomlinson,North Swindon CC,,,10011.32,,,,87920.94,,,,0,,,,0,,97932.26,,,9894.6,,uncapped,1701,uncapped,0,11595.6,109527.86,4105
Justine Greening,Putney BC,,,8359.42,,,,103706.63,,,,0,,,,0,,112066.05,,,0,,uncapped,760,uncapped,0,760,112826.05,1555
Karen Bradley,Staffordshire Moorlands CC,,,15034.19,,,,145706.12,,,,0,,,,0,,160740.31,,,24849.96,,uncapped,12466.01,uncapped,0,37315.97,198056.28,4110
Karen Buck,Westminster North BC,,,25587.27,,,,151530.44,,,,0,,,,0,,177117.71,,,0,,uncapped,1551.85,uncapped,0,1551.85,178669.56,199
Karen Lumley,Redditch CC,,,17303.39,,,,131687.01,,,,0,,,,0,,148990.4,,,17702.12,,uncapped,5339.29,uncapped,183,23224.41,172214.81,4023
Karl McCartney,Lincoln BC,,,7765.78,,,,123441.38,,,,0,,,,0,,131207.16,,,0,,uncapped,11297.3,uncapped,0,11297.3,142504.46,4028
Karl Turner,Kingston upon Hull East BC,,,11696.29,,,,115820.59,,,,0,,,,0,,127516.88,,,13676.24,,uncapped,5124.73,uncapped,282.5,19083.47,146600.35,4030
Kate Green,Stretford and Urmston BC,,,17740.17,,,,121756.99,,,,0,,,,0,,139497.16,,,0,,uncapped,9473.79,uncapped,0,9473.79,148970.95,4120
Kate Hoey,Vauxhall BC,,,5206.99,,,,120625.63,,,,0,,,,0,,125832.62,,,0,,uncapped,452.7,uncapped,0,452.7,126285.32,210
Katy Clark,North Ayrshire and Arran CC,,,29454.52,,,,128807.52,,,,0,,,,0,,158262.04,,,0,,uncapped,15751.97,uncapped,4734.82,20486.79,178748.83,1590
Keith Simpson,Broadland CC,,,10814.61,,,,88909.23,,,,0,,,,0,,99723.84,,,19899.96,,uncapped,5333.5,uncapped,0,25233.46,124957.3,126
Keith Vaz,Leicester East BC,,,17259.32,,,,147162.15,,,,0,,,,0,,164421.47,,,0,,uncapped,8552.95,uncapped,0,8552.95,172974.42,338
Kelvin Hopkins,Luton North BC,,,22641.61,,,,123270.19,,,,0,,,,0,,145911.8,,,0,,uncapped,4215.58,uncapped,0,4215.58,150127.38,2
Ken Clarke,Rushcliffe CC,,,13687.59,,,,89788.44,,,,0,,,,0,,103476.03,,,2747.06,,uncapped,4320,uncapped,0,7067.06,110543.09,366
Kerry McCarthy,Bristol East BC,,,18861.36,,,,136949.33,,,,0,,,,0,,155810.69,,,20535.46,,uncapped,4809.6,uncapped,0,25345.06,181155.75,1491
Kevan Jones,North Durham CC,,,17996.61,,,,112674.93,,,,0,,,,0,,130671.54,,,19715.02,,uncapped,12829.19,uncapped,0,32544.21,163215.75,1438
Kevin Barron,Rother Valley CC,,,7779.2,,,,135249.32,,,,0,,,,0,,143028.52,,,19999.04,,uncapped,5961.36,uncapped,0,25960.4,168988.92,392
Kevin Brennan,Cardiff West BC,,,20374.86,,,,112043.44,,,,0,,,,0,,132418.3,,,19872.08,,uncapped,7352.45,uncapped,0,27224.53,159642.83,1400
Khalid Mahmood,"Birmingham, Perry Barr BC",,,13597.72,,,,124168.16,,,,0,,,,0,,137765.88,,,0,,uncapped,15484.9,uncapped,0,15484.9,153250.78,1392
Kris Hopkins,Keighley CC,,,15191.95,,,,107746.12,,,,0,,,,0,,122938.07,,,19507.71,,uncapped,9213.35,uncapped,0,28721.06,151659.13,4043
Kwasi Kwarteng,Spelthorne BC,,,1283.16,,,,103614.04,,,,0,,,,0,,104897.2,,,0,,uncapped,50,uncapped,0,50,104947.2,4134
Laura Sandys,South Thanet CC,,,24770.8,,,,129916.93,,,,0,,,,0,,154687.73,,,0,,uncapped,4217.45,uncapped,0,4217.45,158905.18,4094
Laurence Robertson,Tewkesbury CC,,,15232.04,,,,117605.04,,,,0,,,,0,,132837.08,,,19622.08,,uncapped,11383.19,uncapped,0,31005.27,163842.35,253
Lee Scott,Ilford North BC,,,10753.41,,,,114475.75,,,,0,,,,0,,125229.16,,,0,,uncapped,0,uncapped,0,0,125229.16,1534
Liam Byrne,"Birmingham, Hodge Hill BC",,,21303.5,,,,135297.45,,,,0,,,,0,,156600.95,,,17716.4,,uncapped,12277.7,uncapped,664.84,30658.94,187259.89,1171
Liam Fox,North Somerset CC,,,9604.2,,,,126516.02,,,,0,,,,0,,136120.22,,,20250,,uncapped,3866.31,uncapped,0,24116.31,160236.53,223
Lilian Greenwood,Nottingham South BC,,,20327.43,,,,116611.09,,,,0,,,,0,,136938.52,,,19080,,uncapped,6088.19,uncapped,0,25168.19,162106.71,4029
Linda Riordan,Halifax BC,,,16994.65,,,,119564.84,,,,0,,,,0,,136559.49,,,20948.28,,uncapped,4560.42,uncapped,1473.33,26982.03,163541.52,1525
Lindsay Hoyle,Chorley CC,,,12845.02,,,,143891,,,,0,,,,0,,156736.02,,,19385.39,,uncapped,14775,uncapped,0,34160.39,190896.41,467
Lindsay Roy,Glenrothes CC,,,16954.43,,,,106623.17,,,,0,,,,0,,123577.6,,,19176.11,,uncapped,17249.89,uncapped,0,36426,160003.6,1608
Lisa Nandy,Wigan CC,,,19529.34,,,,131487.95,,,,0,,,,0,,151017.29,,,19765.64,,uncapped,5779.47,uncapped,0,25545.11,176562.4,4082
Liz Kendall,Leicester West BC,,,19740,,,,131413.22,,,,0,,,,0,,151153.22,,,16328.17,,uncapped,6688.31,uncapped,0,23016.48,174169.7,4026
Lorely Burt,Solihull BC,,,11155.3,,,,123466.93,,,,0,,,,0,,134622.23,,,11850,,uncapped,5002.77,uncapped,0,16852.77,151475,1567
Lorraine Fullbrook,South Ribble CC,,,13783.66,,,,114843.88,,,,0,,,,0,,128627.54,,,18800,,uncapped,6026.3,uncapped,0,24826.3,153453.84,4121
Louise Ellman,"Liverpool, Riverside BC",,,21075.78,,,,131695.1,,,,0,,,,0,,152770.88,,,7228.34,,uncapped,4112.75,uncapped,0,11341.09,164111.97,484
Louise Mensch,Corby CC,,,3990.4,,,,42057.18,,,,0,,,,26206.51,,72254.09,,,6998.83,,uncapped,1924.47,uncapped,0,8923.3,81177.39,3959
Luciana Berger,"Liverpool, Wavertree BC",,,21781.9,,,,136552.75,,,,0,,,,0,,158334.65,,,19915.42,,uncapped,8930.26,uncapped,0,28845.68,187180.33,4036
Lucy Powell,Manchester Central BC,,,2407.66,,,,30274.17,,,,2370.93,,,,0,,35052.76,,,2588.62,,uncapped,3356.3,uncapped,0,5944.92,40997.68,4263
Lyn Brown,West Ham BC,,,25110.47,,,,138006.83,,,,0,,,,0,,163117.3,,,0,,uncapped,0,uncapped,52.98,52.98,163170.28,1583
Lynne Featherstone,Hornsey and Wood Green BC,,,20583.31,,,,145384.85,,,,0,,,,0,,165968.16,,,0,,uncapped,73.5,uncapped,0,73.5,166041.66,1531
Madeleine Moon,Bridgend CC,,,15608.98,,,,118162.74,,,,0,,,,0,,133771.72,,,2127.14,,uncapped,5046,uncapped,0,7173.14,140944.86,1490
Malcolm Bruce,Gordon CC,,,21974.18,,,,133283.52,,,,0,,,,0,,155257.7,,,23057.08,,uncapped,28279.7,uncapped,0,51336.78,206594.48,615
Malcolm Rifkind,Kensington BC,,,9704.24,,,,136400.39,,,,0,,,,0,,146104.63,,,0,,uncapped,0,uncapped,0,0,146104.63,1191
Malcolm Wicks,Croydon North BC,,,18284.13,,,,45421.92,,,,0,,,,91926.71,,155632.76,,,0,,uncapped,188,uncapped,0,188,155820.76,156
Marcus Jones,Nuneaton CC,,,14002.62,,,,95715.61,,,,0,,,,0,,109718.23,,,18968.18,,uncapped,4714.85,uncapped,0,23683.03,133401.26,4024
Margaret Beckett,Derby South BC,,,6183.11,,,,120476.04,,,,0,,,,0,,126659.15,,,7713.26,,uncapped,5740.1,uncapped,0,13453.36,140112.51,328
Margaret Curran,Glasgow East BC,,,19241,,,,118892.96,,,,0,,,,0,,138133.96,,,18601.86,,uncapped,16882.98,uncapped,0,35484.84,173618.8,3982
Margaret Hodge,Barking BC,,,24934.92,,,,140054.09,,,,0,,,,0,,164989.01,,,0,,uncapped,282.93,uncapped,0,282.93,165271.94,140
Margaret Ritchie,South Down,,,23847.37,,,,122418.1,,,,0,,,,0,,146265.47,,,8723.92,,uncapped,25865.25,uncapped,0,34589.17,180854.64,4130
Margot James,Stourbridge BC,,,22583.45,,,,119042.48,,,,0,,,,0,,141625.93,,,0,,uncapped,6468.46,uncapped,0,6468.46,148094.39,4115
Maria Eagle,Garston and Halewood BC,,,16114.63,,,,132224.21,,,,0,,,,0,,148338.84,,,3313.45,,uncapped,8321.6,uncapped,0,11635.05,159973.89,483
Maria Miller,Basingstoke BC,,,7697.23,,,,113524,,,,0,,,,0,,121221.23,,,14659.52,,uncapped,2236.1,uncapped,0,16895.62,138116.85,1480
Mark Durkan,Foyle,,,15402.83,,,,99413.04,,,,0,,,,0,,114815.87,,,12197.25,,uncapped,11799.62,uncapped,0,23996.87,138812.74,1594
Mark Field,Cities of London and Westminster BC,,,13365.6,,,,132272.3,,,,0,,,,0,,145637.9,,,0,,uncapped,1530.6,uncapped,0,1530.6,147168.5,1405
Mark Francois,Rayleigh and Wickford CC,,,1991.75,,,,96883.36,,,,0,,,,0,,98875.11,,,0,,uncapped,0,uncapped,0,0,98875.11,1444
Mark Garnier,Wyre Forest CC,,,16783.14,,,,121234.29,,,,0,,,,0,,138017.43,,,22509.49,,uncapped,7451.25,uncapped,0,29960.74,167978.17,4074
Mark Harper,Forest of Dean CC,,,21051.62,,,,114787.02,,,,0,,,,0,,135838.64,,,5866.97,,uncapped,10027.8,uncapped,0,15894.77,151733.41,1520
Mark Hendrick,Preston BC,,,19451.79,,,,114979.79,,,,0,,,,0,,134431.58,,,2943.19,,uncapped,9405.59,uncapped,0,12348.78,146780.36,473
Mark Hoban,Fareham CC,,,10932.33,,,,69665.66,,,,0,,,,0,,80597.99,,,18765.04,,uncapped,2849.4,uncapped,0,21614.44,102212.43,1414
Mark Hunter,Cheadle BC,,,22192.2,,,,118913.1,,,,0,,,,0,,141105.3,,,20847.84,,uncapped,6864.23,uncapped,0,27712.07,168817.37,1598
Mark Lancaster,Milton Keynes North CC,,,14522.18,,,,122596.27,,,,0,,,,0,,137118.45,,,20465.51,,uncapped,6159,uncapped,0,26624.51,163742.96,1544
Mark Lazarowicz,Edinburgh North and Leith BC,,,18023.85,,,,114523.83,,,,0,,,,0,,132547.68,,,2511.9,,uncapped,10394.44,uncapped,0,12906.34,145454.02,1411
Mark Menzies,Fylde CC,,,16218.6,,,,109699.75,,,,0,,,,0,,125918.35,,,20333.09,,uncapped,7887.76,uncapped,0,28220.85,154139.2,3998
Mark Pawsey,Rugby CC,,,21348.33,,,,102768.28,,,,0,,,,0,,124116.61,,,17922.18,,uncapped,5222.94,uncapped,0,23145.12,147261.73,4052
Mark Prisk,Hertford and Stortford CC,,,10061.99,,,,118048.91,,,,0,,,,0,,128110.9,,,0,,uncapped,946,uncapped,0,946,129056.9,1424
Mark Pritchard,The Wrekin CC,,,16718.55,,,,98864.79,,,,0,,,,0,,115583.34,,,24583.16,,uncapped,10330.79,uncapped,0,34913.95,150497.29,1576
Mark Reckless,Rochester and Strood CC,,,14135.37,,,,125240.35,,,,0,,,,0,,139375.72,,,21607.05,,uncapped,3514.65,uncapped,0,25121.7,164497.42,4049
Mark Simmonds,Boston and Skegness CC,,,18226.61,,,,143336.92,,,,0,,,,0,,161563.53,,,12504.3,,uncapped,6630.62,uncapped,0,19134.92,180698.45,1393
Mark Spencer,Sherwood CC,,,11698.83,,,,104673.95,,,,0,,,,0,,116372.78,,,9236,,uncapped,5699.1,uncapped,0,14935.1,131307.88,4055
Mark Tami,Alyn and Deeside CC,,,21412.99,,,,121697.59,,,,0,,,,0,,143110.58,,,23311.13,,uncapped,8347.5,uncapped,150,31808.63,174919.21,1383
Mark Williams,Ceredigion CC,,,15528.49,,,,132912.21,,,,0,,,,0,,148440.7,,,11393.59,,uncapped,8801.29,uncapped,0,20194.88,168635.58,1498
Marsha Singh,Bradford West BC,,,0,,16090.3,,0,16090.3,,,0,,16223.86,,16223.86,0,16223.86,8850,,0,8850,uncapped,0,uncapped,0,0,16223.86,404
Martin Caton,Gower CC,,,9115.95,,,,95939.88,,,,0,,,,0,,105055.83,,,3838.14,,uncapped,5259,uncapped,0,9097.14,114152.97,566
Martin Horwood,Cheltenham BC,,,21876.7,,,,130650.67,,,,0,,,,0,,152527.37,,,19733.85,,uncapped,4679.91,uncapped,0,24413.76,176941.13,1499
Martin McGuinness,Mid Ulster,,,0,,,,62276.32,,,,0,,,,52596.15,,114872.47,,,0,,uncapped,2618.74,uncapped,0,2618.74,117491.21,651
Martin Vickers,Cleethorpes CC,,,15920,,,,89626.54,,,,0,,,,0,,105546.54,,,15909.22,,uncapped,5484,uncapped,0,21393.22,126939.76,3957
Mary Creagh,Wakefield CC,,,22426.76,,,,109160.88,,,,0,,,,0,,131587.64,,,9436.69,,uncapped,11278.06,uncapped,0,20714.75,152302.39,1579
Mary Glindon,North Tyneside BC,,,16225.97,,,,95536.93,,,,0,,,,0,,111762.9,,,20019.96,,uncapped,9584.6,uncapped,0,29604.56,141367.46,4126
Mary MacLeod,Brentford and Isleworth BC,,,10423.15,,,,130849.36,,,,0,,,,0,,141272.51,,,0,,uncapped,253.3,uncapped,0,253.3,141525.81,3927
Matthew Hancock,West Suffolk CC,,,18844.11,,,,128941.87,,,,0,,,,0,,147785.98,,,15680.19,,uncapped,4543.25,uncapped,0,20223.44,168009.42,4070
Matthew Offord,Hendon BC,,,14376.16,,,,99894.46,,,,0,,,,0,,114270.62,,,0,,uncapped,1557.43,uncapped,0,1557.43,115828.05,4006
Meg Hillier,Hackney South and Shoreditch BC,,,16539.58,,,,139900.38,,,,0,,,,0,,156439.96,,,0,,uncapped,337.2,uncapped,3750.4,4087.6,160527.56,1524
Meg Munn,"Sheffield, Heeley BC",,,17935.18,,,,113612.49,,,,0,,,,0,,131547.67,,,20000,,uncapped,5770.73,uncapped,0,25770.73,157318.4,1448
Mel Stride,Central Devon CC,,,10306.83,,,,117774.54,,,,0,,,,0,,128081.37,,,8827.38,,uncapped,7160.64,uncapped,0,15988.02,144069.39,3935
Menzies Campbell,North East Fife CC,,,10863.72,,,,119442.81,,,,0,,,,0,,130306.53,,,10582.15,,uncapped,15028.63,uncapped,0,25610.78,155917.31,627
Michael Connarty,Linlithgow and East Falkirk CC,,,21265,,,,119983.52,,,,0,,,,0,,141248.52,,,17917.09,,uncapped,17151.12,uncapped,0,35068.21,176316.73,602
Michael Dugher,Barnsley East CC,,,11895.6,,,,149725.63,,,,0,,,,0,,161621.23,,,12295.09,,uncapped,6574.5,uncapped,767,19636.59,181257.82,3916
Michael Ellis,Northampton North BC,,,4663.6,,,,100900.25,,,,0,,,,0,,105563.85,,,19921.1,,uncapped,0,uncapped,0,19921.1,125484.95,4116
Michael Fabricant,Lichfield CC,,,4280.75,,,,89576.76,,,,0,,,,0,,93857.51,,,10949.31,,uncapped,5571.4,uncapped,0,16520.71,110378.22,280
Michael Fallon,Sevenoaks CC,,,8077.74,,,,93516.83,,,,0,,,,0,,101594.57,,,0,,uncapped,0,uncapped,0,0,101594.57,88
Michael Gove,Surrey Heath CC,,,17800.17,,,,128556.98,,,,0,,,,0,,146357.15,,,0,,uncapped,306.95,uncapped,0,306.95,146664.1,1571
Michael McCann,"East Kilbride, Strathaven and Lesmahagow CC",,,20337.42,,,,125201.51,,,,0,,,,0,,145538.93,,,19449.82,,uncapped,19561.75,uncapped,0,39011.57,184550.5,3963
Michael Meacher,Oldham West and Royton BC,,,18277.57,,,,131533.25,,,,0,,,,0,,149810.82,,,8973.82,,uncapped,1337,uncapped,38.82,10349.64,160160.46,454
Michael Moore,"Berwickshire, Roxburgh and Selkirk CC",,,21974.33,,,,119091.45,,,,0,,,,0,,141065.78,,,12421.55,,uncapped,16306.85,uncapped,0,28728.4,169794.18,638
Michelle Gildernew,Fermanagh and South Tyrone,,,13875.44,,,,93414.48,,,,0,,,,0,,107289.92,,,0,,uncapped,2527.1,uncapped,0,2527.1,109817.02,1416
Mike Crockart,Edinburgh West BC,,,21313.22,,,,128206.63,,,,0,,,,0,,149519.85,,,20920.69,,uncapped,18283.69,uncapped,0,39204.38,188724.23,3967
Mike Freer,Finchley and Golders Green BC,,,22802.27,,,,120844.35,,,,0,,,,0,,143646.62,,,0,,uncapped,501.7,uncapped,0,501.7,144148.32,4004
Mike Gapes,Ilford South BC,,,23413.21,,,,118250.4,,,,0,,,,0,,141663.61,,,0,,uncapped,633.1,uncapped,0,633.1,142296.71,184
Mike Hancock,Portsmouth South BC,,,22138.5,,,,123911.04,,,,0,,,,0,,146049.54,,,0,,uncapped,2423.25,uncapped,0,2423.25,148472.79,59
Mike Penning,Hemel Hempstead CC,,,21887.23,,,,91312.29,,,,0,,,,0,,113199.52,,,0,,uncapped,0,uncapped,0,0,113199.52,1528
Mike Thornton,Eastleigh BC,,,0,,,,6742.62,,,,0,,,,0,,6742.62,,,1350,,uncapped,189.68,uncapped,0,1539.68,8282.3,4273
Mike Weatherley,Hove BC,,,17997.6,,,,136249.81,,,,0,,,,0,,154247.41,,,22685.51,,uncapped,1058.2,uncapped,0,23743.71,177991.12,3984
Mike Weir,Angus CC,,,15295.91,,,,97908.91,,,,0,,,,0,,113204.82,,,20041.47,,uncapped,16406.52,uncapped,0,36447.99,149652.81,1384
Mike Wood,Batley and Spen BC,,,15571.54,,,,128434.81,,,,0,,,,0,,144006.35,,,19691.03,,uncapped,5436.08,uncapped,0,25127.11,169133.46,401
Nadhim Zahawi,Stratford-on-Avon CC,,,12823.6,,,,145469.06,,,,0,,,,0,,158292.66,,,9147.81,,uncapped,3323.3,uncapped,0,12471.11,170763.77,4113
Nadine Dorries,Mid Bedfordshire CC,,,11078.85,,,,125677.61,,,,0,,,,0,,136756.46,,,19159.79,,uncapped,5234.55,uncapped,0,24394.34,161150.8,1481
Naomi Long,Belfast East,,,15763.74,,,,119551.28,,,,0,,,,0,,135315.02,,,19768.53,,uncapped,8880.58,uncapped,0,28649.11,163964.13,3920
Natascha Engel,North East Derbyshire CC,,,21940.09,,,,110099.41,,,,0,,,,0,,132039.5,,,25677.66,,uncapped,6912.5,uncapped,0,32590.16,164629.66,1507
Neil Carmichael,Stroud CC,,,20096.49,,,,127199.86,,,,0,,,,0,,147296.35,,,18658.17,,uncapped,4832.62,uncapped,0,23490.79,170787.14,4104
Neil Parish,Tiverton and Honiton CC,,,4099.19,,,,104182.52,,,,0,,,,0,,108281.71,,,19651.65,,uncapped,7076.54,uncapped,0,26728.19,135009.9,4072
Nia Griffith,Llanelli CC,,,22919.63,,,,122355.8,,,,0,,,,0,,145275.43,,,0,,uncapped,6312.1,uncapped,0,6312.1,151587.53,1541
Nic Dakin,Scunthorpe CC,,,21553.83,,,,135927.46,,,,0,,,,0,,157481.29,,,20595.18,,uncapped,12427.13,uncapped,0,33022.31,190503.6,4056
Nicholas Brown,Newcastle upon Tyne East BC,,,11372.13,,,,127578.08,,,,0,,,,0,,138950.21,,,4300.05,,uncapped,7412.25,uncapped,0,11712.3,150662.51,523
Nicholas Soames,Mid Sussex CC,,,14121.18,,,,105275.92,,,,0,,,,0,,119397.1,,,3578.22,,uncapped,2193.75,uncapped,0,5771.97,125169.07,116
Nick Boles,Grantham and Stamford CC,,,5965.5,,,,120575.25,,,,0,,,,0,,126540.75,,,10011.13,,uncapped,5018.17,uncapped,0,15029.3,141570.05,3995
Nick Clegg,"Sheffield, Hallam CC",,,17820.45,,,,122318.96,,,,0,,,,0,,140139.41,,,9717.41,,uncapped,3417.5,uncapped,0,13134.91,153274.32,1563
Nick de Bois,Enfield North BC,,,25407.58,,,,142254.46,,,,0,,,,0,,167662.04,,,300,,uncapped,1010.74,uncapped,0,1310.74,168972.78,4002
Nick Gibb,Bognor Regis and Littlehampton CC,,,10927.45,,,,103457.98,,,,0,,,,0,,114385.43,,,0,,uncapped,5138.8,uncapped,0,5138.8,119524.23,111
Nick Harvey,North Devon CC,,,19214.87,,,,128494.15,,,,0,,,,0,,147709.02,,,22406.66,,uncapped,12115.1,uncapped,0,34521.76,182230.78,231
Nick Herbert,Arundel and South Downs CC,,,6169.06,,,,115778.51,,,,0,,,,0,,121947.57,,,0,,uncapped,2407.56,uncapped,0,2407.56,124355.13,1479
Nick Hurd,"Ruislip, Northwood and Pinner BC",,,22653.58,,,,124933.73,,,,0,,,,0,,147587.31,,,0,,uncapped,0,uncapped,0,0,147587.31,1561
Nick Raynsford,Greenwich and Woolwich BC,,,14880.71,,,,118690.86,,,,0,,,,0,,133571.57,,,0,,uncapped,149.1,uncapped,0,149.1,133720.67,171
Nick Smith,Blaenau Gwent CC,,,18783.76,,,,135960.04,,,,0,,,,0,,154743.8,,,4800.72,,uncapped,6360.33,uncapped,0,11161.05,165904.85,3928
Nicky Morgan,Loughborough CC,,,16851.51,,,,124897.18,,,,0,,,,0,,141748.69,,,21080.1,,uncapped,9591.3,uncapped,41.89,30713.29,172461.98,4027
Nicola Blackwood,Oxford West and Abingdon CC,,,16051.21,,,,130495.02,,,,0,,,,0,,146546.23,,,19010.49,,uncapped,920.2,uncapped,0,19930.69,166476.92,4019
Nigel Adams,Selby and Ainsty CC,,,10520.02,,,,104249.84,,,,0,,,,0,,114769.86,,,25352.56,,uncapped,11294.09,uncapped,0,36646.65,151416.51,4057
Nigel Dodds,Belfast North,,,15504.42,,,,85729.41,,,,0,,,,0,,101233.83,,,19110.65,,uncapped,19718.82,uncapped,297,39126.47,140360.3,1388
Nigel Evans,Ribble Valley CC,,,13376.15,,,,112625.95,,,,0,,,,0,,126002.1,,,18206.23,,uncapped,9354.97,uncapped,0,27561.2,153563.3,474
Nigel Mills,Amber Valley CC,,,12825.72,,,,105977.02,,,,0,,,,0,,118802.74,,,9456.6,,uncapped,4939,uncapped,0,14395.6,133198.34,4136
Norman Baker,Lewes CC,,,25422.41,,,,133019.65,,,,0,,,,0,,158442.06,,,22645.85,,uncapped,3793.38,uncapped,0,26439.23,184881.29,28
Norman Lamb,North Norfolk CC,,,21530.34,,,,131551.44,,,,0,,,,0,,153081.78,,,10926,,uncapped,5089,uncapped,690.04,16705.04,169786.82,1439
Oliver Colvile,"Plymouth, Sutton and Devonport BC",,,15704.29,,,,129188.89,,,,0,,,,0,,144893.18,,,2400.11,,uncapped,9171.65,uncapped,0,11571.76,156464.94,4022
Oliver Heald,North East Hertfordshire CC,,,20619.25,,,,114898.19,,,,0,,,,0,,135517.44,,,2880.97,,uncapped,2502.2,uncapped,0,5383.17,140900.61,69
Oliver Letwin,West Dorset CC,,,9090.33,,,,116618.9,,,,0,,,,0,,125709.23,,,0,,uncapped,1602.54,uncapped,0,1602.54,127311.77,247
Owen Paterson,North Shropshire CC,,,13501.61,,,,106610.5,,,,0,,,,0,,120112.11,,,4912.01,,uncapped,1659.6,uncapped,0,6571.61,126683.72,274
Owen Smith,Pontypridd CC,,,18929.64,,,,125230.61,,,,0,,,,0,,144160.25,,,21335.13,,uncapped,7574.9,uncapped,0,28910.03,173070.28,4042
Pamela Nash,Airdrie and Shotts CC,,,22991.97,,,,117103.92,,,,0,,,,0,,140095.89,,,23569.95,,uncapped,18899.47,uncapped,282.25,42751.67,182847.56,3909
Pat Doherty,West Tyrone,,,11041.86,,,,135048,,,,0,,,,0,,146089.86,,,0,,uncapped,1659.87,uncapped,0,1659.87,147749.73,1465
Pat Glass,North West Durham CC,,,21252.93,,,,116369.01,,,,0,,,,0,,137621.94,,,17587.23,,uncapped,11890.71,uncapped,-6.71,29471.23,167093.17,4103
Pat McFadden,Wolverhampton South East BC,,,21817.99,,,,111423.76,,,,0,,,,0,,133241.75,,,9312.12,,uncapped,6180.06,uncapped,0,15492.18,148733.93,1587
Patrick McLoughlin,Derbyshire Dales CC,,,18001.74,,,,108643.85,,,,0,,,,0,,126645.59,,,8575.62,,uncapped,11839.2,uncapped,6136.08,26550.9,153196.49,333
Patrick Mercer,Newark CC,,,14040.73,,,,107639.95,,,,0,,,,0,,121680.68,,,4315.5,,uncapped,12999.68,uncapped,0,17315.18,138995.86,1435
Paul Beresford,Mole Valley CC,,,6683.11,,,,111038,,,,0,,,,0,,117721.11,,,0,,uncapped,500.4,uncapped,0,500.4,118221.51,103
Paul Blomfield,Sheffield Central BC,,,21990.84,,,,132152.4,,,,0,,,,0,,154143.24,,,19994.67,,uncapped,6104.72,uncapped,0,26099.39,180242.63,4058
Paul Burstow,Sutton and Cheam BC,,,22409.3,,,,140535.19,,,,0,,,,0,,162944.49,,,0,,uncapped,17,uncapped,0,17,162961.49,204
Paul Farrelly,Newcastle-under-Lyme BC,,,21980.25,,,,133589.94,,,,0,,,,0,,155570.19,,,6143.11,,uncapped,14668.66,uncapped,0,20811.77,176381.96,1436
Paul Flynn,Newport West CC,,,8328.05,,,,125550.96,,,,0,,,,0,,133879.01,,,3849.68,,uncapped,5521.69,uncapped,0,9371.37,143250.38,545
Paul Goggins,Wythenshawe and Sale East BC,,,21802.78,,,,119485.93,,,,0,,,,0,,141288.71,,,14879.78,,uncapped,10634.15,uncapped,1117.43,26631.36,167920.07,462
Paul Maskey,Belfast West,,,16357.57,,,,105967.8,,,,0,,,,0,,122325.37,,,0,,uncapped,1892.82,uncapped,0,1892.82,124218.19,4245
Paul Maynard,Blackpool North and Cleveleys BC,,,23240.9,,,,139333.2,,,,0,,,,0,,162574.1,,,10851.95,,uncapped,16826.5,uncapped,0,27678.45,190252.55,3926
Paul Murphy,Torfaen CC,,,20895.56,,,,115402.69,,,,0,,,,0,,136298.25,,,8243.03,,uncapped,6864.45,uncapped,0,15107.48,151405.73,546
Paul Uppal,Wolverhampton South West BC,,,14655,,,,125358.5,,,,0,,,,0,,140013.5,,,13350,,uncapped,4640.65,uncapped,0,17990.65,158004.15,4078
Pauline Latham,Mid Derbyshire CC,,,21017.72,,,,104167.65,,,,0,,,,0,,125185.37,,,9055,,uncapped,8132.06,uncapped,0,17187.06,142372.43,4025
Penny Mordaunt,Portsmouth North BC,,,23538.77,,,,129825.06,,,,0,,,,0,,153363.83,,,25816.59,,uncapped,5446.2,uncapped,710,31972.79,185336.62,4017
Pete Wishart,Perth and North Perthshire CC,,,22233.13,,,,110869.92,,,,0,,,,0,,133103.05,,,18716.51,,uncapped,22348.66,uncapped,0,41065.17,174168.22,1440
Peter Aldous,Waveney CC,,,22019.07,,,,127370.77,,,,0,,,,0,,149389.84,,,19526.27,,uncapped,404.45,uncapped,0,19930.72,169320.56,4069
Peter Bone,Wellingborough CC,,,20635.84,,,,131931,,,,0,,,,0,,152566.84,,,17607.38,,uncapped,11127.78,uncapped,0,28735.16,181302,1581
Peter Bottomley,Worthing West BC,,,2803.93,,,,85727.91,,,,0,,,,0,,88531.84,,,0,,uncapped,132.49,uncapped,0,132.49,88664.33,117
Peter Hain,Neath CC,,,19844.75,,,,142459.84,,,,0,,,,0,,162304.59,,,11760.57,,uncapped,9115.75,uncapped,0,20876.32,183180.91,567
Peter Lilley,Hitchin and Harpenden CC,,,13220.32,,,,116744.58,,,,0,,,,0,,129964.9,,,1268.99,,uncapped,785.37,uncapped,0,2054.36,132019.26,68
Peter Luff,Mid Worcestershire CC,,,8635.2,,,,98642.66,,,,0,,,,0,,107277.86,,,20000,,uncapped,7378.2,uncapped,0,27378.2,134656.06,268
Peter Soulsby,Leicester South BC,,,0,,,,0,,,,0,,,,0,,0,8850,,0,8850,uncapped,160.6,uncapped,0,160.6,160.6,1592
Peter Tapsell,Louth and Horncastle CC,,,10737.5,,,,131395.16,,,,0,,,,0,,142132.66,,,20000,,uncapped,5989.78,uncapped,0,25989.78,168122.44,348
Phil Wilson,Sedgefield CC,,,25128.55,,,,118018.72,,,,0,,,,0,,143147.27,,,19357.33,,uncapped,17339.6,uncapped,0,36696.93,179844.2,1603
Philip Davies,Shipley CC,,,10346.31,,,,125140.39,,,,0,,,,0,,135486.7,,,20286,,uncapped,8654.15,uncapped,0,28940.15,164426.85,1565
Philip Dunne,Ludlow CC,,,14204.87,,,,97360.63,,,,0,,,,0,,111565.5,,,0,,uncapped,4354.35,uncapped,0,4354.35,115919.85,1542
Philip Hammond,Runnymede and Weybridge CC,,,4202.4,,,,54546.53,,,,0,,,,0,,58748.93,,,0,,uncapped,0,uncapped,0,0,58748.93,105
Philip Hollobone,Kettering CC,,,4680.34,,,,0,,,,0,,,,0,,4680.34,,,0,,uncapped,4798.5,uncapped,0,4798.5,9478.84,1537
Phillip Lee,Bracknell CC,,,19362.22,,,,117690.53,,,,0,,,,0,,137052.75,,,20545.7,,uncapped,2518.02,uncapped,0,23063.72,160116.47,3921
Priti Patel,Witham CC,,,16180.84,,,,110414.14,,,,0,,,,0,,126594.98,,,0,,uncapped,6215.77,uncapped,0,6215.77,132810.75,4066
Rachel Reeves,Leeds West BC,,,22651,,,,138269.21,,,,0,,,,0,,160920.21,,,13935.52,,uncapped,7541.45,uncapped,0,21476.97,182397.18,4031
Rebecca Harris,Castle Point BC,,,7614.55,,,,108946.61,,,,0,,,,0,,116561.16,,,0,,uncapped,0,uncapped,0,0,116561.16,3948
Rehman Chishti,Gillingham and Rainham BC,,,9681.1,,,,100799.18,,,,0,,,,0,,110480.28,,,0,,uncapped,7300,uncapped,0,7300,117780.28,3987
Richard Bacon,South Norfolk CC,,,26499.62,,,,112159.63,,,,0,,,,0,,138659.25,,,25094.58,,uncapped,5933.77,uncapped,26.75,31055.1,169714.35,1451
Richard Benyon,Newbury CC,,,14103.35,,,,96593.49,,,,0,,,,0,,110696.84,,,0,,uncapped,2889.92,uncapped,0,2889.92,113586.76,1547
Richard Burden,"Birmingham, Northfield BC",,,22092.88,,,,139139.78,,,,0,,,,0,,161232.66,,,9963.48,,uncapped,3983.85,uncapped,0,13947.33,175179.99,301
Richard Drax,South Dorset CC,,,13741.41,,,,113946.41,,,,0,,,,0,,127687.82,,,0,,uncapped,3733,uncapped,0,3733,131420.82,4132
Richard Fuller,Bedford BC,,,13940.02,,,,106631.06,,,,0,,,,0,,120571.08,,,19934.68,,uncapped,1763.32,uncapped,0,21698,142269.08,3912
Richard Graham,Gloucester BC,,,16259.16,,,,108851.68,,,,0,,,,0,,125110.84,,,7846.74,,uncapped,3574.26,uncapped,0,11421,136531.84,3990
Richard Harrington,Watford BC,,,12735.1,,,,116471.35,,,,0,,,,0,,129206.45,,,0,,uncapped,0,uncapped,0,0,129206.45,4068
Richard Ottaway,Croydon South BC,,,15572.99,,,,139017.84,,,,0,,,,0,,154590.83,,,0,,uncapped,1663.35,uncapped,0,1663.35,156254.18,157
Richard Shepherd,Aldridge-Brownhills BC,,,10313.16,,,,95925.81,,,,0,,,,0,,106238.97,,,1356.9,,uncapped,3606.83,uncapped,0,4963.73,111202.7,295
Rob Wilson,Reading East BC,,,17576.36,,,,130074.26,,,,0,,,,0,,147650.62,,,0,,uncapped,8645.25,uncapped,0,8645.25,156295.87,1556
Robert Buckland,South Swindon CC,,,11689.54,,,,97560.55,,,,0,,,,0,,109250.09,,,22207.15,,uncapped,3661.1,uncapped,0,25868.25,135118.34,4106
Robert Flello,Stoke-on-Trent South BC,,,18056.42,,,,99938.07,,,,0,,,,0,,117994.49,,,21370.48,,uncapped,13252.82,uncapped,45.5,34668.8,152663.29,1569
Robert Goodwill,Scarborough and Whitby CC,,,13006.5,,,,117792.62,,,,0,,,,0,,130799.12,,,18502.03,,uncapped,12086.76,uncapped,0,30588.79,161387.91,1562
Robert Halfon,Harlow CC,,,15655.81,,,,137400.75,,,,0,,,,0,,153056.56,,,0,,uncapped,11729.15,uncapped,0,11729.15,164785.71,3985
Robert Smith,West Aberdeenshire and Kincardine CC,,,19397.29,,,,99230.9,,,,0,,,,0,,118628.19,,,18332.2,,uncapped,17768.88,uncapped,0,36101.08,154729.27,639
Robert Syms,Poole BC,,,8679.8,,,,64153.38,,,,0,,,,0,,72833.18,,,22691.79,,uncapped,5593,uncapped,0,28284.79,101117.97,245
Robert Walter,North Dorset CC,,,15341.74,,,,117740.9,,,,0,,,,0,,133082.64,,,4341.53,,uncapped,6448.87,uncapped,0,10790.4,143873.04,244
Roberta Blackman-Woods,City of Durham CC,,,15183.46,,,,132473.51,,,,0,,,,0,,147656.97,,,2923.52,,uncapped,11928.88,uncapped,0,14852.4,162509.37,1501
Robin Walker,Worcester BC,,,11670.14,,,,105096.06,,,,0,,,,0,,116766.2,,,11517.22,,uncapped,6449.09,uncapped,0,17966.31,134732.51,4091
Roger Gale,North Thanet CC,,,22358.09,,,,116580.28,,,,0,,,,0,,138938.37,,,4821.35,,uncapped,5407.7,uncapped,0,10229.05,149167.42,87
Roger Godsiff,"Birmingham, Hall Green BC",,,14934.45,,,,136480.5,,,,0,,,,0,,151414.95,,,0,,uncapped,5730.83,uncapped,0,5730.83,157145.78,304
Roger Williams,Brecon and Radnorshire CC,,,22190.9,,,,113395.14,,,,0,,,,0,,135586.04,,,17551.99,,uncapped,7821.95,uncapped,0,25373.94,160959.98,1394
Ronnie Campbell,Blyth Valley BC,,,19929.75,,,,97543.6,,,,0,,,,0,,117473.35,,,17072.44,,uncapped,7331.09,uncapped,0,24403.53,141876.88,514
Rory Stewart,Penrith and The Border CC,,,16415.14,,,,136549.88,,,,0,,,,0,,152965.02,,,10050,,uncapped,5951.31,uncapped,0,16001.31,168966.33,4137
Rosie Cooper,West Lancashire CC,,,19533.76,,,,126592.84,,,,0,,,,0,,146126.6,,,5064.49,,uncapped,6022.99,uncapped,0,11087.48,157214.08,1538
Rosie Winterton,Doncaster Central BC,,,22198.99,,,,103655.84,,,,0,,,,0,,125854.83,,,4307.77,,uncapped,9611.6,uncapped,0,13919.37,139774.2,390
Rushanara Ali,Bethnal Green and Bow BC,,,23570.84,,,,152230.49,,,,0,,,,0,,175801.33,,,0,,uncapped,239.78,uncapped,0,239.78,176041.11,4138
Russell Brown,Dumfries and Galloway CC,,,21746.01,,,,116129.98,,,,0,,,,0,,137875.99,,,16750.7,,uncapped,14132.65,uncapped,0,30883.35,168759.34,588
Sadiq Khan,Tooting BC,,,33783.47,,,,142922.08,,,,0,,,,0,,176705.55,,,0,,uncapped,362.5,uncapped,0,362.5,177068.05,1577
Sajid Javid,Bromsgrove CC,,,19752.17,,,,127226.14,,,,0,,,,0,,146978.31,,,0,,uncapped,4700.5,uncapped,0,4700.5,151678.81,3945
Sam Gyimah,East Surrey CC,,,11543.35,,,,132991.94,,,,0,,,,0,,144535.29,,,0,,uncapped,853.33,uncapped,0,853.33,145388.62,3980
Sammy Wilson,East Antrim,,,18965.59,,,,107828.69,,,,0,,,,0,,126794.28,,,7628.46,,uncapped,14678.47,uncapped,0,22306.93,149101.21,1593
Sandra Osborne,"Ayr, Carrick and Cumnock CC",,,21065.41,,,,132834.65,,,,0,,,,0,,153900.06,,,17177.12,,uncapped,12629.56,uncapped,0,29806.68,183706.74,576
Sarah Champion,Rotherham BC,,,7155.85,,,,17152.47,,,,5689.33,,,,0,,29997.65,,,12477.12,,uncapped,4686.26,uncapped,0,17163.38,47161.03,4267
Sarah Newton,Truro and Falmouth CC,,,18841.2,,,,132233.42,,,,0,,,,0,,151074.62,,,0,,uncapped,5892.05,uncapped,1257.12,7149.17,158223.79,4071
Sarah Teather,Brent Central BC,,,24893.42,,,,142001.21,,,,0,,,,0,,166894.63,,,0,,uncapped,267.75,uncapped,0,267.75,167162.38,1170
Sarah Wollaston,Totnes CC,,,10090.21,,,,122196.39,,,,0,,,,0,,132286.6,,,20505.98,,uncapped,7723.3,uncapped,0,28229.28,160515.88,4073
Seema Malhotra,Feltham and Heston BC,,,17719.31,,,,109369.82,,,,1555.5,,,,0,,128644.63,,,0,,uncapped,144.55,uncapped,0,144.55,128789.18,4253
Shabana Mahmood,"Birmingham, Ladywood BC",,,21452.53,,,,115213.78,,,,0,,,,0,,136666.31,,,12565.3,,uncapped,4303.33,uncapped,96.6,16965.23,153631.54,3914
Shailesh Vara,North West Cambridgeshire CC,,,9815.34,,,,95113.22,,,,0,,,,0,,104928.56,,,0,,uncapped,4003.09,uncapped,0,4003.09,108931.65,1496
Sharon Hodgson,Washington and Sunderland West BC,,,22044.49,,,,127654.76,,,,0,,,,0,,149699.25,,,19367.55,,uncapped,12658.85,uncapped,0,32026.4,181725.65,1521
Shaun Woodward,St Helens South and Whiston BC,,,19123.01,,,,128351.84,,,,0,,,,0,,147474.85,,,0,,uncapped,7877.96,uncapped,0,7877.96,155352.81,98
Sheila Gilmore,Edinburgh East BC,,,16739.59,,,,125970.44,,,,0,,,,0,,142710.03,,,17759.38,,uncapped,3687.62,uncapped,0,21447,164157.03,3965
Sheryll Murray,South East Cornwall CC,,,18439.23,,,,102559.82,,,,0,,,,0,,120999.05,,,19996.18,,uncapped,12172.87,uncapped,0,32169.05,153168.1,4100
Siân James,Swansea East BC,,,21633.23,,,,112429.71,,,,0,,,,0,,134062.94,,,3010,,uncapped,5619.21,uncapped,0,8629.21,142692.15,1573
Simon Burns,Chelmsford BC,,,11784.28,,,,100885.25,,,,0,,,,0,,112669.53,,,1151.5,,uncapped,705,uncapped,0,1856.5,114526.03,46
Simon Danczuk,Rochdale CC,,,24198.66,,,,138584.18,,,,0,,,,0,,162782.84,,,29437.62,,uncapped,13562.07,uncapped,154.22,43153.91,205936.75,4059
Simon Hart,Carmarthen West and South Pembrokeshire CC,,,20211.07,,,,120837.36,,,,0,,,,0,,141048.43,,,18935.08,,uncapped,13968.05,uncapped,0,32903.13,173951.56,3944
Simon Hughes,Bermondsey and Old Southwark BC,,,24749.82,,,,135870.43,,,,0,,,,0,,160620.25,,,0,,uncapped,701.95,uncapped,0,701.95,161322.2,194
Simon Kirby,"Brighton, Kemptown BC",,,21276.81,,,,113120.85,,,,0,,,,0,,134397.66,,,22520.71,,uncapped,1174.25,uncapped,0,23694.96,158092.62,3929
Simon Reevell,Dewsbury CC,,,11606.36,,,,118341.77,,,,0,,,,0,,129948.13,,,16193.07,,uncapped,7800.4,uncapped,0,23993.47,153941.6,3978
Simon Wright,Norwich South BC,,,13041.2,,,,111006.95,,,,0,,,,0,,124048.15,,,17195.28,,uncapped,2656.45,uncapped,0,19851.73,143899.88,4096
Siobhain McDonagh,Mitcham and Morden BC,,,23882.93,,,,142703.94,,,,0,,,,0,,166586.87,,,0,,uncapped,468.9,uncapped,0,468.9,167055.77,193
Stella Creasy,Walthamstow BC,,,19623.52,,,,145527.74,,,,0,,,,0,,165151.26,,,0,,uncapped,319.85,uncapped,0,319.85,165471.11,4088
Stephen Barclay,North East Cambridgeshire CC,,,15246.67,,,,109239.23,,,,0,,,,0,,124485.9,,,24009.42,,uncapped,4281.75,uncapped,0,28291.17,152777.07,4095
Stephen Crabb,Preseli Pembrokeshire CC,,,16573.78,,,,107330.37,,,,0,,,,0,,123904.15,,,14627.16,,uncapped,12918.48,uncapped,0,27545.64,151449.79,1554
Stephen Dorrell,Charnwood CC,,,5869.2,,,,96470.7,,,,0,,,,0,,102339.9,,,19854.48,,uncapped,792,uncapped,0,20646.48,122986.38,336
Stephen Doughty,Cardiff South and Penarth BC,,,7111.21,,,,33141.68,,,,4317.58,,,,0,,44570.47,,,7535.84,,uncapped,2616.8,uncapped,0,10152.64,54723.11,4264
Stephen Gilbert,St Austell and Newquay CC,,,23094.53,,,,138020.31,,,,0,,,,0,,161114.84,,,21410.64,,uncapped,17143.01,uncapped,0,38553.65,199668.49,4101
Stephen Hammond,Wimbledon BC,,,6459.93,,,,116458.31,,,,0,,,,0,,122918.24,,,0,,uncapped,1229.45,uncapped,0,1229.45,124147.69,1585
Stephen Hepburn,Jarrow BC,,,18515.1,,,,112804.26,,,,0,,,,0,,131319.36,,,20000,,uncapped,11274.23,uncapped,0,31274.23,162593.59,520
Stephen Lloyd,Eastbourne BC,,,22774.98,,,,137588.39,,,,0,,,,0,,160363.37,,,12673.6,,uncapped,2920.91,uncapped,0,15594.51,175957.88,3968
Stephen McCabe,"Birmingham, Selly Oak BC",,,22868.56,,,,93361.91,,,,0,,,,0,,116230.47,,,1655.52,,uncapped,3427.17,uncapped,0,5082.69,121313.16,298
Stephen McPartland,Stevenage CC,,,15046.06,,,,108198.72,,,,0,,,,0,,123244.78,,,0,,uncapped,0,uncapped,0,0,123244.78,4093
Stephen Metcalfe,South Basildon and East Thurrock BC,,,22890.64,,,,131701.06,,,,0,,,,0,,154591.7,,,0,,uncapped,141.2,uncapped,0,141.2,154732.9,4092
Stephen Mosley,City of Chester CC,,,13184.93,,,,102883.25,,,,0,,,,0,,116068.18,,,14515,,uncapped,4851.2,uncapped,0,19366.2,135434.38,3954
Stephen O'Brien,Eddisbury CC,,,17513.34,,,,96803.56,,,,0,,,,0,,114316.9,,,12945.86,,uncapped,10497.81,uncapped,0,23443.67,137760.57,427
Stephen Phillips,Sleaford and North Hykeham CC,,,7666.97,,,,74108.64,,,,0,,,,0,,81775.61,,,4036.28,,uncapped,7067.67,uncapped,0,11103.95,92879.56,4054
Stephen Pound,Ealing North BC,,,13213.04,,,,113741.73,,,,0,,,,0,,126954.77,,,0,,uncapped,1973.57,uncapped,0,1973.57,128928.34,161
Stephen Timms,East Ham BC,,,15856.94,,,,144441.51,,,,0,,,,0,,160298.45,,,0,,uncapped,1275.3,uncapped,0,1275.3,161573.75,163
Stephen Twigg,"Liverpool, West Derby BC",,,22371.88,,,,138634.27,,,,0,,,,0,,161006.15,,,6783.94,,uncapped,9105.49,uncapped,0,15889.43,176895.58,167
Stephen Williams,Bristol West BC,,,19203.85,,,,131562.74,,,,0,,,,0,,150766.59,,,17881.15,,uncapped,6846.95,uncapped,0,24728.1,175494.69,1492
Steve Baker,Wycombe CC,,,12027.64,,,,123960.67,,,,0,,,,0,,135988.31,,,0,,uncapped,213.7,uncapped,0,213.7,136202.01,4064
Steve Brine,Winchester CC,,,17327.95,,,,122701.58,,,,0,,,,0,,140029.53,,,21309.97,,uncapped,3373.65,uncapped,0,24683.62,164713.15,4067
Steve Reed,Croydon North BC,,,2192.4,,,,33386.7,,,,0,,,,0,,35579.1,,,0,,uncapped,0,uncapped,0,0,35579.1,4268
Steve Rotheram,"Liverpool, Walton BC",,,18805.08,,,,116099.43,,,,0,,,,0,,134904.51,,,22487.64,,uncapped,6979.83,uncapped,0,29467.47,164371.98,4035
Steve Webb,Thornbury and Yate CC,,,14825.6,,,,121759.8,,,,0,,,,0,,136585.4,,,18645.38,,uncapped,5168.05,uncapped,0,23813.43,160398.83,220
Stewart Hosie,Dundee East BC,,,24914.84,,,,109774.85,,,,0,,,,0,,134689.69,,,14399.75,,uncapped,17867.7,uncapped,0,32267.45,166957.14,1514
Stewart Jackson,Peterborough BC,,,10513.3,,,,90840.15,,,,0,,,,0,,101353.45,,,7480.9,,uncapped,13655.1,uncapped,0,21136,122489.45,1551
Stuart Andrew,Pudsey BC,,,14778.38,,,,134151.71,,,,0,,,,0,,148930.09,,,17480.69,,uncapped,7806,uncapped,0,25286.69,174216.78,4032
Stuart Bell,Middlesbrough BC,,,2812.81,,,,54287.7,,,,0,,,,39749.99,,96850.5,,,8796.81,,uncapped,3732.5,uncapped,1450,13979.31,110829.81,501
Susan Jones,Clwyd South CC,,,13018.33,,,,81008.21,,,,0,,,,0,,94026.54,,,17083.19,,uncapped,3421.85,uncapped,0,20505.04,114531.58,3956
Sylvia Hermon,North Down,,,13760.83,,,,117577.99,,,,0,,,,0,,131338.82,,,3633.6,,uncapped,17842.02,uncapped,0,21475.62,152814.44,1437
Teresa Pearce,Erith and Thamesmead BC,,,12365.11,,,,128501.18,,,,0,,,,0,,140866.29,,,0,,uncapped,190,uncapped,0,190,141056.29,4003
Tessa Jowell,Dulwich and West Norwood BC,,,23798.16,,,,142965.14,,,,0,,,,0,,166763.3,,,0,,uncapped,1039.6,uncapped,0,1039.6,167802.9,159
Tessa Munt,Wells CC,,,20806.52,,,,135327.09,,,,0,,,,0,,156133.61,,,16224.6,,uncapped,9929.65,uncapped,0,26154.25,182287.86,4089
Theresa May,Maidenhead CC,,,3045.64,,,,105105.28,,,,0,,,,0,,108150.92,,,0,,uncapped,0,uncapped,0,0,108150.92,8
Theresa Villiers,Chipping Barnet BC,,,11530.72,,,,108290.93,,,,0,,,,0,,119821.65,,,0,,uncapped,0,uncapped,0,0,119821.65,1500
Therese Coffey,Suffolk Coastal CC,,,17001.33,,,,111726,,,,0,,,,0,,128727.33,,,19601.16,,uncapped,9311.08,uncapped,0,28912.24,157639.57,4098
Thomas Docherty,Dunfermline and West Fife CC,,,19907.02,,,,131308.68,,,,0,,,,0,,151215.7,,,22366.75,,uncapped,19252.7,uncapped,0,41619.45,192835.15,3962
Tim Farron,Westmorland and Lonsdale CC,,,19966.84,,,,136463.37,,,,0,,,,0,,156430.21,,,18761.61,,uncapped,9158.86,uncapped,0,27920.47,184350.68,1591
Tim Loughton,East Worthing and Shoreham CC,,,19883.21,,,,114522.31,,,,0,,,,0,,134405.52,,,19723.95,,uncapped,6541.43,uncapped,0,26265.38,160670.9,114
Tim Yeo,South Suffolk CC,,,11130.9,,,,124907.3,,,,0,,,,0,,136038.2,,,13974.86,,uncapped,4968,uncapped,0,18942.86,154981.06,136
Tobias Ellwood,Bournemouth East BC,,,13745.46,,,,113814.71,,,,0,,,,0,,127560.17,,,22324.92,,uncapped,10888.17,uncapped,0,33213.09,160773.26,1487
Toby Perkins,Chesterfield BC,,,16748.56,,,,125959.55,,,,0,,,,0,,142708.11,,,19961.81,,uncapped,10062.4,uncapped,0,30024.21,172732.32,3952
Tom Blenkinsop,Middlesbrough South and East Cleveland CC,,,11933.93,,,,135471.99,,,,0,,,,0,,147405.92,,,10200,,uncapped,3264.38,uncapped,0,13464.38,160870.3,4037
Tom Brake,Carshalton and Wallington BC,,,23243.49,,,,127765.94,,,,0,,,,0,,151009.43,,,0,,uncapped,12.9,uncapped,0,12.9,151022.33,151
Tom Clarke,"Coatbridge, Chryston and Bellshill BC",,,13897.95,,,,118655.98,,,,0,,,,0,,132553.93,,,14725,,uncapped,16564.28,uncapped,0,31289.28,163843.21,583
Tom Greatrex,Rutherglen and Hamilton West BC,,,16596.27,,,,115609.56,,,,0,,,,0,,132205.83,,,22842.22,,uncapped,11648.51,uncapped,0,34490.73,166696.56,4047
Tom Harris,Glasgow South BC,,,23739.92,,,,135493.27,,,,0,,,,0,,159233.19,,,20301.78,,uncapped,19338.59,uncapped,786.18,40426.55,199659.74,1418
Tom Watson,West Bromwich East BC,,,21789.86,,,,135987.19,,,,0,,,,0,,157777.05,,,9814.72,,uncapped,7120.37,uncapped,0,16935.09,174712.14,1463
Tony Baldry,Banbury CC,,,13923.49,,,,125474.8,,,,0,,,,0,,139398.29,,,0,,uncapped,2457.75,uncapped,0,2457.75,141856.04,93
Tony Cunningham,Workington CC,,,14241.09,,,,102822.15,,,,0,,,,0,,117063.24,,,4244.68,,uncapped,7582.3,uncapped,0,11826.98,128890.22,1469
Tony Lloyd,Manchester Central BC,,,16262.21,,,,51494.07,,,,0,,,,18183.86,,85940.14,,,10320.76,,uncapped,3803.6,uncapped,50.83,14175.19,100115.33,450
Tracey Crouch,Chatham and Aylesford CC,,,13589.6,,,,117850.09,,,,0,,,,0,,131439.69,,,20630.04,,uncapped,420,uncapped,0,21050.04,152489.73,3950
Tristram Hunt,Stoke-on-Trent Central BC,,,17648.03,,,,117383.96,,,,0,,,,0,,135031.99,,,13098.08,,uncapped,11763.03,uncapped,0,24861.11,159893.1,4111
Valerie Vaz,Walsall South BC,,,16237.42,,,,129249.61,,,,0,,,,0,,145487.03,,,9651.71,,uncapped,4690.8,uncapped,0,14342.51,159829.54,4076
Vernon Coaker,Gedling CC,,,20982.51,,,,114689.11,,,,0,,,,0,,135671.62,,,0,,uncapped,5240.35,uncapped,0,5240.35,140911.97,360
Vince Cable,Twickenham BC,,,19251.93,,,,122364.03,,,,0,,,,0,,141615.96,,,0,,uncapped,0,uncapped,0,0,141615.96,207
Virendra Sharma,"Ealing, Southall BC",,,23912.4,,,,115078.75,,,,0,,,,0,,138991.15,,,0,,uncapped,0,uncapped,0,0,138991.15,1604
Wayne David,Caerphilly CC,,,14863.53,,,,104904.39,,,,0,,,,0,,119767.92,,,20000,,uncapped,7068.83,uncapped,0,27068.83,146836.75,1398
William Hague,Richmond (Yorks) CC,,,7360.3,,,,83813.95,,,,0,,,,0,,91174.25,,,0,,uncapped,1451.6,uncapped,0,1451.6,92625.85,379
William McCrea,South Antrim,,,22194.21,,,,124600.24,,,,0,,,,0,,146794.45,,,20448.76,,uncapped,19503.69,uncapped,0,39952.45,186746.9,655
Willie Bain,Glasgow North East BC,,,16370.44,,,,138441.39,,,,0,,,,0,,154811.83,,,20831.08,,uncapped,22454.95,uncapped,0,43286.03,198097.86,1610
Yasmin Qureshi,Bolton South East BC,,,20498.66,,,,130149.04,,,,0,,,,0,,150647.7,,,0,,uncapped,8067.06,uncapped,0,8067.06,158714.76,3924
Yvette Cooper,"Normanton, Pontefract and Castleford CC",,,20824.18,,,,133401.65,,,,0,,,,0,,154225.83,,,0,,uncapped,8632.98,uncapped,0,8632.98,162858.81,420
Yvonne Fovargue,Makerfield CC,,,14638.72,,,,136903.2,,,,0,,,,0,,151541.92,,,19383.49,,uncapped,7766.71,uncapped,0,27150.2,178692.12,4034
Zac Goldsmith,Richmond Park BC,,,0,,,,109721.94,,,,0,,,,0,,109721.94,,,0,,uncapped,0,uncapped,0,0,109721.94,4062
